Order,School_ID,Year_built
1560,19647300000000_2586,1852
1629,19645000000000_533,1852
2034,33670900000000_1362,1852
3943,19645800000000_1132,1852
4091,19648800000000_2583,1852
3188,54722600000000_909,1858
1112,19649310000000_666,1859
2872,54722600000000_95,1865
3692,36676800000000_1823,1865
928,19648100000000_197,1867
930,19648100000000_199,1867
1234,19647700000000_3760,1867
940,19648570000000_706,1877
2803,56737600000000_558,1877
3125,36678800000000_1869,1877
4087,56725500000000_3123,1877
598,19649070000000_686,1878
601,19642460000000_747,1878
1095,19648700000000_6,1878
714,19648100000000_2522,1880
1324,19648100000000_2034,1880
2686,26736700000000_270,1880
2796,19650000000000_271,1880
3242,19646800000000_322,1880
745,33751800000000_919,1884
1048,36677100000000_1020,1884
3969,33751900000000_3556,1884
4265,56726000000000_3125,1884
2536,36678800000000_211,1887
671,19734600000000_3009,1888
1128,30665200000000_837,1888
2660,56724500000000_3084,1888
2700,36678400000000_581,1888
2767,56725400000000_3197,1888
833,19644510000000_781,1891
2287,33751800000000_924,1891
2566,19642600000000_1009,1891
2667,30736500000000_3298,1891
2898,19644500000000_1209,1891
3101,30736500000000_3823,1891
2255,54719000000000_54,1892
2348,33751800000000_2286,1892
410,15600000000000_436,1893
690,30665140000000_707,1893
1264,33103300000000_672,1893
1671,36676900000000_3248,1893
2849,56726000000000_3466,1893
2982,19734600000000_2861,1893
3592,19647300000000_1006,1895
498,19648700000000_3700,1896
2011,19646900000000_986,1896
2161,19734400000000_544,1896
3590,33670300000000_567,1896
1001,33670600000000_2734,1897
1794,36676800000000_462,1897
2485,33103300000000_2270,1897
2547,33670800000000_576,1897
2698,19644400000000_578,1897
3606,19643300000000_1614,1897
1042,19645200000000_898,1901
1270,19644500000000_818,1901
1412,19644500000000_3668,1901
1536,19734400000000_3444,1901
1670,19645000000000_3193,1901
2292,30665300000000_964,1901
2301,19645500000000_1287,1901
2639,30666200000000_2701,1901
3446,19645000000000_3759,1901
3365,19643300000000_255,1903
4075,19648800000000_80,1903
4081,54719900000000_1708,1903
4187,19768700000000_1508,1903
920,19646400000000_97,1905
268,10600000000000_285,1906
2851,19753400000000_3486,1906
3325,54718520000000_2169,1906
685,19645900000000_292,1907
1707,19647300000000_3427,1907
1763,19647300000000_2447,1907
1917,33670300000000_565,1907
2711,54719000000000_854,1907
3513,19734500000000_3845,1907
452,10600000000000_483,1909
2345,16101700000000_2199,1909
3060,42767900000000_481,1909
1136,33751800000000_925,1911
1171,19648100000000_2036,1911
1414,19648100000000_3749,1911
1627,19647300000000_58,1911
2801,36676500000000_426,1911
3180,19752900000000_3803,1911
34,57700000000000_35,1912
632,36750500000000_78,1912
1415,19646300000000_3844,1912
1422,33669900000000_195,1912
1573,19642500000000_98,1912
2689,36679600000000_338,1912
2702,19651100000000_615,1912
3326,36678700000000_2342,1912
3790,56768300000000_2924,1912
3683,30666700000000_1516,1913
4372,19650900000000_569,1913
174,57700000000000_185,1914
2497,19648700000000_2652,1914
3030,36679000000000_2564,1914
526,36676100000000_180,1915
2551,19644400000000_609,1915
3796,19650600000000_3261,1915
468,10600000000000_500,1916
961,19646300000000_1321,1916
1098,19642100000000_304,1916
1033,16639250000000_720,1917
1868,19650600000000_109,1917
633,19648100000000_164,1920
832,19651100000000_775,1920
2928,19644500000000_2963,1920
2986,54721300000000_3275,1920
3028,54753300000000_2489,1920
3777,30666700000000_1911,1920
37,39700000000000_38,1921
86,17600000000000_95,1921
899,19734400000000_1455,1921
4155,19102000000000_1562,1921
465,10600000000000_497,1922
3488,19734500000000_1670,1922
91,41700000000000_101,1923
1039,19648100000000_858,1923
1079,33670800000000_2571,1923
1610,19647300000000_1917,1923
1870,19647300000000_437,1923
1978,30665200000000_489,1923
2163,19647200000000_589,1923
2446,16639170000000_770,1923
1139,19642900000000_1034,1924
1429,19643100000000_228,1924
1498,19742000000000_2216,1924
2142,33752400000000_153,1924
2166,36676780000000_801,1924
2267,19644500000000_371,1924
3809,19648300000000_3757,1924
4094,19647300000000_154,1924
797,19646300000000_1533,1925
1026,36678200000000_406,1925
1246,19753400000000_224,1925
1913,19650600000000_3659,1925
2183,19734400000000_1532,1925
2619,36678800000000_2085,1925
1547,19647300000000_494,1926
2722,19650000000000_1286,1926
3394,56768300000000_1397,1926
934,36750700000000_318,1927
949,19645500000000_929,1927
1861,30736400000000_3490,1927
2014,56724600000000_1057,1927
2286,19645400000000_905,1927
2763,19650000000000_3041,1927
3464,33670300000000_477,1927
3502,19648200000000_2777,1927
3797,19647300000000_3281,1927
264,15700000000000_281,1928
300,54700000000000_320,1928
305,4620000000000_325,1928
361,15600000000000_383,1928
450,10600000000000_481,1928
773,19650400000000_2940,1928
864,36750800000000_3242,1928
945,19650450000000_799,1928
1475,19734400000000_1758,1928
1528,36677100000000_3270,1928
1562,19650600000000_1003,1928
2100,19753300000000_2723,1928
2217,30665300000000_2584,1928
2647,36678800000000_2882,1928
3016,33103300000000_1453,1928
3039,42767900000000_3017,1928
3217,42692000000000_1527,1928
3678,19647300000000_1302,1928
270,24700000000000_287,1929
354,23700000000000_376,1929
367,44700000000000_390,1929
388,1610000000000_412,1929
475,39700000000000_507,1929
3048,56737600000000_3722,1929
3856,19647300000000_162,1929
3970,19650500000000_3572,1929
88,23700000000000_98,1930
132,28700000000000_142,1930
144,43700000000000_155,1930
150,43700000000000_161,1930
169,23700000000000_180,1930
183,15700000000000_194,1930
232,15600000000000_248,1930
848,19650000000000_2353,1930
2084,30664700000000_2292,1930
2109,56725600000000_2961,1930
2713,30647700000000_901,1930
2950,42691500000000_375,1930
3837,16639300000000_2306,1930
4382,36676800000000_353,1930
95,9620000000000_105,1931
148,43700000000000_159,1931
943,30665220000000_744,1931
1318,19642100000000_1936,1931
1511,19648400000000_2590,1931
3581,36676800000000_93,1931
4071,19648800000000_453,1931
4106,56725500000000_2958,1931
4138,42700000000000_403,1931
4227,19757100000000_933,1931
1630,19647300000000_870,1933
2858,54722600000000_3592,1933
306,4620000000000_326,1934
485,39700000000000_517,1934
1378,19642900000000_3224,1934
1535,19648400000000_3433,1934
1540,19642900000000_3651,1934
1714,19647300000000_248,1934
1790,19647300000000_285,1934
1963,30665200000000_287,1934
2184,36678200000000_1561,1934
2239,19644500000000_3347,1934
2358,19647700000000_2495,1934
2408,19644400000000_3472,1934
2509,19644400000000_3053,1934
2891,30664500000000_994,1934
3400,19647300000000_1498,1934
3500,19645000000000_2589,1934
107,1610000000000_117,1935
75,4610000000000_83,1936
391,1610000000000_415,1936
413,15600000000000_440,1936
2182,19648400000000_1490,1936
2435,19647900000000_484,1936
2561,19644900000000_974,1936
3144,19647900000000_3750,1936
3543,19643300000000_1750,1936
4213,36677100000000_469,1936
4273,19734600000000_613,1936
1455,19648400000000_851,1937
2186,19650400000000_1746,1937
2222,19643000000000_2875,1937
2873,36678800000000_122,1937
4,42700000000000_4,1938
5,42700000000000_5,1938
296,44700000000000_316,1938
408,15600000000000_433,1938
2205,19647700000000_2242,1938
3539,19645800000000_1582,1938
139,16700000000000_149,1939
1316,19734400000000_1907,1939
1472,36678800000000_1662,1939
2542,36676500000000_402,1939
17,7620000000000_17,1940
110,1610000000000_120,1940
205,41700000000000_218,1940
2649,54722600000000_2918,1940
2814,54722300000000_1086,1940
318,44800000000000_338,1941
1192,30665200000000_2599,1941
1467,15635300000000_1547,1941
1921,33670300000000_1113,1941
3246,33670800000000_1345,1941
3489,36678500000000_1702,1941
327,16600000000000_347,1942
2132,33670800000000_3719,1942
2538,33669900000000_279,1942
303,52700000000000_323,1943
2165,56726520000000_679,1943
953,19643000000000_1044,1944
229,41700000000000_245,1945
558,15737400000000_308,1945
1202,19651000000000_2862,1945
2740,15634500000000_2259,1945
380,42700000000000_404,1946
487,39700000000000_519,1946
976,19753400000000_1816,1946
1127,56725400000000_832,1946
1362,36678800000000_2942,1946
1823,19647300000000_29,1946
2314,30666500000000_1565,1946
3172,54721080000000_2373,1946
4093,30665600000000_3443,1946
4137,44700000000000_389,1946
4348,19645800000000_3285,1946
3154,19649600000000_377,1947
44,40800000000000_48,1948
310,10600000000000_330,1948
1832,19650600000000_769,1948
2088,36679000000000_2418,1948
2170,19649300000000_937,1948
2441,36678800000000_626,1948
2883,54722600000000_597,1948
2885,36678800000000_620,1948
48,10600000000000_55,1949
140,28700000000000_150,1949
154,39700000000000_165,1949
216,27700000000000_231,1949
238,7620000000000_254,1949
282,1610000000000_299,1949
314,45700000000000_334,1949
371,44700000000000_394,1949
385,45700000000000_409,1949
421,10600000000000_449,1949
490,39700000000000_522,1949
923,19644400000000_174,1949
1032,19647090000000_654,1949
1121,19734450000000_717,1949
1123,36678760000000_742,1949
1138,30666200000000_1014,1949
1302,19642900000000_1544,1949
1808,19647300000000_2999,1949
1966,30666200000000_331,1949
2180,33669900000000_1295,1949
2333,19645300000000_1821,1949
2444,19650940000000_715,1949
2670,33670900000000_3473,1949
2683,36679600000000_3859,1949
2925,19644500000000_2853,1949
2965,54722600000000_1313,1949
3072,26102600000000_2230,1949
3195,30666500000000_3469,1949
3377,19643300000000_1167,1949
3664,30736400000000_316,1949
3719,30739200000000_3048,1949
3726,19650600000000_3155,1949
3764,19647300000000_1329,1949
3896,19734500000000_3284,1949
4020,36676800000000_1116,1949
4128,41700000000000_222,1949
4383,36676800000000_3003,1949
109,1610000000000_119,1950
118,43700000000000_128,1950
151,39700000000000_162,1950
164,28700000000000_175,1950
254,39700000000000_271,1950
316,7620000000000_336,1950
336,43700000000000_358,1950
435,10600000000000_463,1950
481,50800000000000_513,1950
579,36677800000000_3500,1950
580,36677800000000_3501,1950
765,30742500000000_2235,1950
937,36676940000000_690,1950
1546,19646300000000_3839,1950
1872,14101400000000_711,1950
3366,19650600000000_381,1950
3916,19650500000000_935,1950
4314,19647900000000_264,1950
134,10800000000000_144,1951
323,10700000000000_343,1951
325,10700000000000_345,1951
340,7620000000000_362,1951
342,7620000000000_364,1951
345,7620000000000_367,1951
1182,36745200000000_2294,1951
1212,19645500000000_3106,1951
1333,19645200000000_2079,1951
1391,30666200000000_3357,1951
1471,30666200000000_1658,1951
1708,19647300000000_3736,1951
1958,19643000000000_208,1951
2338,30647700000000_1928,1951
2423,19645300000000_236,1951
2706,54722560000000_761,1951
2874,19646800000000_140,1951
2909,19644900000000_1671,1951
3150,54718300000000_301,1951
3191,19644900000000_2645,1951
3660,19650600000000_101,1951
3781,19651400000000_2457,1951
4267,30665100000000_3474,1951
22,31800000000000_23,1952
31,31800000000000_32,1952
89,39700000000000_99,1952
221,11600000000000_236,1952
227,54700000000000_243,1952
230,10600000000000_246,1952
263,24700000000000_280,1952
281,1610000000000_298,1952
321,10700000000000_341,1952
379,42700000000000_402,1952
414,10700000000000_441,1952
424,10600000000000_452,1952
432,10600000000000_460,1952
434,10600000000000_462,1952
447,10600000000000_475,1952
461,10600000000000_492,1952
474,39700000000000_506,1952
476,39700000000000_508,1952
836,30666000000000_1311,1952
888,16638750000000_651,1952
919,19647600000000_39,1952
1285,30666100000000_1149,1952
1304,19647700000000_1729,1952
1418,56724600000000_96,1952
1433,19734400000000_310,1952
1600,19645000000000_2848,1952
1742,19647300000000_3088,1952
1971,19642900000000_443,1952
2254,19644500000000_43,1952
2558,19645300000000_902,1952
2559,19644400000000_903,1952
2765,30666200000000_3166,1952
3308,54722600000000_2309,1952
3313,42692500000000_2053,1952
3396,30739200000000_1416,1952
3438,30736400000000_3232,1952
3528,36678500000000_1106,1952
3779,19650900000000_2020,1952
3979,19650600000000_2994,1952
4127,4610000000000_199,1952
4129,41700000000000_223,1952
33,54700000000000_34,1953
49,10600000000000_56,1953
72,4610000000000_80,1953
79,4610000000000_88,1953
141,24700000000000_152,1953
204,41700000000000_217,1953
257,10600000000000_274,1953
261,15600000000000_278,1953
280,1610000000000_297,1953
320,10700000000000_340,1953
358,23700000000000_380,1953
449,10600000000000_480,1953
837,15636900000000_1393,1953
964,42767900000000_1575,1953
1232,19648100000000_3677,1953
1356,19648700000000_2766,1953
1436,19642900000000_446,1953
1462,36678800000000_1330,1953
1465,30665300000000_1395,1953
1843,19650600000000_1820,1953
2359,56726000000000_2503,1953
2420,36678800000000_121,1953
2476,19643000000000_1904,1953
2621,19644900000000_2089,1953
2664,56726000000000_3241,1953
2836,19644900000000_2709,1953
3408,19647300000000_1730,1953
3455,15739100000000_280,1953
3632,30666700000000_2424,1953
3722,56768300000000_3117,1953
3794,19734500000000_3189,1953
3802,54722000000000_3428,1953
3862,19647300000000_601,1953
3915,30665600000000_900,1953
198,57700000000000_211,1954
208,41700000000000_221,1954
211,41700000000000_226,1954
231,39700000000000_247,1954
240,17600000000000_257,1954
317,7620000000000_337,1954
375,42700000000000_398,1954
386,58700000000000_410,1954
397,6620000000000_421,1954
426,10600000000000_454,1954
445,10600000000000_473,1954
533,36676100000000_343,1954
822,15636900000000_639,1954
873,30736500000000_3727,1954
915,19651300000000_3747,1954
1021,36678800000000_186,1954
1056,19650400000000_1637,1954
1191,19648400000000_2574,1954
1201,19642900000000_2826,1954
1247,19646300000000_226,1954
1272,56725400000000_829,1954
1923,19650600000000_1320,1954
1957,19642100000000_139,1954
1985,30736430000000_699,1954
2012,19648400000000_1036,1954
2062,36678400000000_1795,1954
2137,19644400000000_3840,1954
2139,19642800000000_51,1954
2143,36750700000000_160,1954
2439,56725400000000_604,1954
2607,30666200000000_1617,1954
2687,19651300000000_329,1954
2780,36750700000000_3553,1954
2888,19646830000000_776,1954
3152,42691500000000_372,1954
3221,56725200000000_2471,1954
3229,19642600000000_1284,1954
3351,54721730000000_2527,1954
3373,19650600000000_971,1954
3404,19734500000000_1596,1954
3564,19734500000000_3055,1954
3579,19649100000000_59,1954
3939,30736400000000_1027,1954
4181,30666000000000_524,1954
4246,30664500000000_2658,1954
181,1610000000000_192,1955
219,15600000000000_234,1955
278,1610000000000_295,1955
312,10600000000000_332,1955
315,7620000000000_335,1955
337,43700000000000_359,1955
341,7620000000000_363,1955
346,7620000000000_368,1955
364,43700000000000_386,1955
383,52700000000000_407,1955
419,10600000000000_446,1955
433,10600000000000_461,1955
443,10600000000000_471,1955
959,19648700000000_1247,1955
1034,30664980000000_731,1955
1237,30665200000000_44,1955
1242,19645200000000_130,1955
1344,19102000000000_2362,1955
1421,19642900000000_159,1955
1432,30665200000000_278,1955
1749,19647300000000_83,1955
2152,19644400000000_213,1955
2169,19734400000000_930,1955
2204,19649200000000_2236,1955
2411,19643800000000_3675,1955
2416,30665200000000_40,1955
2533,30664500000000_115,1955
2535,19753300000000_152,1955
2663,30666500000000_3220,1955
2708,54722600000000_802,1955
2820,36678800000000_1878,1955
3015,19650000000000_1446,1955
3447,19734500000000_3856,1955
3492,36676900000000_1883,1955
3501,19650600000000_2611,1955
3545,36676800000000_1801,1955
3866,19650600000000_876,1955
3975,19646600000000_1568,1955
4276,19644900000000_1684,1955
4287,19651100000000_1524,1955
81,9620000000000_90,1956
279,1610000000000_296,1956
285,1610000000000_302,1956
302,10600000000000_322,1956
309,10600000000000_329,1956
459,10600000000000_490,1956
500,30666000000000_3735,1956
932,30664600000000_295,1956
1135,33671200000000_868,1956
1211,30665200000000_3045,1956
1305,19650400000000_1774,1956
1889,19649100000000_1529,1956
1964,30665100000000_294,1956
2033,33670900000000_1357,1956
2268,19646300000000_401,1956
2375,30666200000000_2857,1956
2467,33670900000000_1522,1956
2530,19648400000000_106,1956
2651,19645300000000_2968,1956
2937,56737600000000_3693,1956
3428,56725500000000_2789,1956
3618,19647300000000_1966,1956
3782,19647300000000_2483,1956
3886,56725500000000_2028,1956
3920,16639300000000_1226,1956
3931,33670300000000_2851,1956
4022,33670300000000_1480,1956
38,10600000000000_39,1957
122,43700000000000_132,1957
123,43700000000000_133,1957
124,43700000000000_134,1957
145,43700000000000_156,1957
220,41700000000000_235,1957
406,15600000000000_431,1957
463,10600000000000_494,1957
479,39700000000000_511,1957
1025,19734400000000_303,1957
1075,19748000000000_2420,1957
1109,19642900000000_622,1957
1310,19644400000000_1842,1957
1683,19647300000000_1558,1957
1737,19647300000000_2859,1957
1778,19642500000000_2739,1957
2126,19734400000000_3678,1957
2340,30666100000000_1955,1957
2422,30736500000000_192,1957
2465,19647200000000_1471,1957
2469,19644900000000_1573,1957
2486,54720820000000_2308,1957
2828,19647700000000_2441,1957
3108,36678400000000_561,1957
3170,19644900000000_2091,1957
3212,19648700000000_3229,1957
3218,19648700000000_1798,1957
3271,36678400000000_1555,1957
3470,19650600000000_872,1957
3514,19650600000000_223,1957
3679,36676800000000_1314,1957
4110,19646600000000_2731,1957
4270,19644900000000_410,1957
4371,19650600000000_339,1957
53,10600000000000_60,1958
159,40700000000000_170,1958
197,57700000000000_210,1958
269,10600000000000_286,1958
344,7620000000000_366,1958
428,10600000000000_456,1958
446,10600000000000_474,1958
470,10600000000000_502,1958
486,39700000000000_518,1958
553,36738900000000_3850,1958
630,15636900000000_3702,1958
996,30666100000000_2467,1958
1029,30666000000000_572,1958
1137,19645200000000_1005,1958
1142,19648100000000_1095,1958
1307,19648700000000_1777,1958
1466,36677100000000_1521,1958
1532,33670900000000_3342,1958
2050,19651000000000_1478,1958
2076,33670900000000_1987,1958
2128,36677000000000_3708,1958
2174,19734400000000_1033,1958
2228,33670900000000_3066,1958
2370,30666200000000_2744,1958
2389,19644900000000_3152,1958
2398,19644400000000_3225,1958
2594,36678800000000_1537,1958
2695,36678800000000_500,1958
2717,19644500000000_1079,1958
2756,36678800000000_2653,1958
2919,19650400000000_2474,1958
3207,42767900000000_2260,1958
3213,19643900000000_3326,1958
3226,56725200000000_3458,1958
3454,30736400000000_214,1958
3536,54719900000000_1458,1958
3743,33670300000000_215,1958
3805,30736400000000_3643,1958
4112,54720200000000_2640,1958
4118,40800000000000_44,1958
4194,36750400000000_1502,1958
4248,33670900000000_2796,1958
4302,30666000000000_155,1958
149,43700000000000_160,1959
192,1610000000000_205,1959
203,43700000000000_216,1959
262,39700000000000_279,1959
350,23700000000000_372,1959
398,6620000000000_422,1959
416,10600000000000_443,1959
425,10600000000000_453,1959
431,10600000000000_459,1959
484,39700000000000_516,1959
600,36679180000000_728,1959
635,15636900000000_257,1959
811,19649800000000_3116,1959
884,19753400000000_235,1959
903,19646300000000_2068,1959
1015,19646900000000_3772,1959
1221,19648100000000_3352,1959
1240,19642100000000_62,1959
1248,30665200000000_253,1959
1294,42692000000000_1408,1959
1346,19734600000000_2448,1959
1395,19102000000000_3365,1959
1443,19644400000000_580,1959
1545,19734400000000_3728,1959
1723,19734500000000_2150,1959
1731,19647300000000_2552,1959
1799,19643300000000_1430,1959
1920,36678500000000_879,1959
1943,19649100000000_3018,1959
1955,19648700000000_64,1959
1976,19643800000000_459,1959
2096,36677100000000_2618,1959
2099,30666200000000_2716,1959
2111,19752900000000_3029,1959
2154,19734400000000_380,1959
2175,19646300000000_1043,1959
2198,36677900000000_2075,1959
2247,33670900000000_3582,1959
2275,36678800000000_630,1959
2401,19645300000000_3289,1959
2405,56726000000000_3362,1959
2648,36678400000000_2916,1959
2923,56739400000000_2783,1959
3074,36679000000000_2444,1959
3107,54722600000000_559,1959
3204,19648700000000_563,1959
3223,19648700000000_2757,1959
3239,19644400000000_3262,1959
3448,19650600000000_3863,1959
3504,19650600000000_2807,1959
3819,30736400000000_539,1959
3904,42693400000000_3625,1959
4204,19650600000000_1719,1959
4284,19644900000000_1187,1959
4329,30666700000000_88,1959
4353,19647300000000_234,1959
4377,33670300000000_1099,1959
32,1610000000000_33,1960
119,7620000000000_129,1960
157,40700000000000_168,1960
172,1610000000000_183,1960
185,10700000000000_196,1960
188,1610000000000_201,1960
190,1610000000000_203,1960
313,3740000000000_333,1960
360,3740000000000_382,1960
362,3740000000000_384,1960
363,3740000000000_385,1960
387,1610000000000_411,1960
418,10600000000000_445,1960
436,10600000000000_464,1960
439,10600000000000_467,1960
444,10600000000000_472,1960
847,54720700000000_2256,1960
1134,56724600000000_849,1960
1174,19645500000000_2058,1960
1244,33671200000000_193,1960
1385,56724600000000_3330,1960
1641,19642500000000_1740,1960
1926,19650600000000_1481,1960
2074,19734400000000_1874,1960
2357,19644500000000_2486,1960
2935,36678800000000_3437,1960
3040,19650000000000_3112,1960
3128,56737600000000_2534,1960
3363,56768300000000_171,1960
3515,19734500000000_246,1960
3553,36676800000000_2472,1960
3557,33670300000000_2606,1960
3586,56768300000000_244,1960
3674,30666700000000_1053,1960
3815,30736400000000_168,1960
3834,19647300000000_1867,1960
3906,19651400000000_131,1960
3961,33751900000000_2901,1960
4125,28700000000000_151,1960
4158,19650400000000_367,1960
4324,19643300000000_110,1960
4367,30665600000000_1669,1960
27,42700000000000_28,1961
184,15600000000000_195,1961
191,1610000000000_204,1961
225,1750000000000_241,1961
740,36750800000000_640,1961
760,15737400000000_1664,1961
845,30665200000000_2157,1961
1057,19734400000000_1672,1961
1558,19643500000000_2346,1961
1674,19648200000000_157,1961
1820,19650600000000_3595,1961
1893,30665000000000_1891,1961
1956,19734400000000_87,1961
2110,19734400000000_2995,1961
2540,56726500000000_293,1961
2571,36750700000000_1029,1961
2575,30666500000000_1107,1961
2705,54721990000000_689,1961
2732,19642800000000_2136,1961
2784,56726500000000_3590,1961
2799,54718400000000_311,1961
2806,56738740000000_757,1961
2846,56737600000000_3162,1961
2933,30665100000000_3333,1961
2949,54718400000000_312,1961
2994,56726500000000_158,1961
2996,30666500000000_222,1961
3047,42692100000000_3600,1961
3049,36678800000000_3805,1961
3486,19734500000000_1554,1961
3533,19650600000000_1274,1961
3659,30666700000000_27,1961
3876,19647300000000_1552,1961
4044,19645800000000_602,1961
4241,30666100000000_1861,1961
36,7620000000000_37,1962
62,43700000000000_69,1962
121,43700000000000_131,1962
158,40700000000000_169,1962
193,1610000000000_206,1962
222,10600000000000_238,1962
236,7620000000000_252,1962
339,7620000000000_361,1962
381,42700000000000_405,1962
394,1610000000000_418,1962
422,10600000000000_450,1962
437,10600000000000_465,1962
495,14632700000000_2180,1962
791,19645900000000_967,1962
804,15737400000000_2229,1962
839,19648400000000_1489,1962
1072,54720700000000_2365,1962
1290,30666100000000_1310,1962
1411,36678800000000_3555,1962
1730,19648200000000_2511,1962
1928,36678500000000_1526,1962
2424,36678800000000_247,1962
2462,19650400000000_1318,1962
2800,19734600000000_387,1962
2882,30666000000000_564,1962
3139,19648700000000_3628,1962
3231,30664600000000_2073,1962
3258,19648700000000_2897,1962
3585,19649100000000_173,1962
3615,19648200000000_1901,1962
3648,19650600000000_3709,1962
4223,56726500000000_320,1962
3,1610000000000_3,1963
12,31700000000000_12,1963
39,43700000000000_40,1963
74,4610000000000_82,1963
101,9620000000000_111,1963
187,1610000000000_200,1963
199,43700000000000_212,1963
392,1610000000000_416,1963
440,10600000000000_468,1963
451,10600000000000_482,1963
570,36676100000000_1689,1963
2303,19648700000000_1300,1963
2543,30666500000000_455,1963
2752,30736500000000_2577,1963
2973,54722600000000_2078,1963
3300,54721800000000_3339,1963
3522,30666700000000_646,1963
277,20700000000000_294,1964
528,36676100000000_184,1964
789,19648160000000_762,1964
1614,30666700000000_2329,1964
1940,19642500000000_2863,1964
1983,19642120000000_682,1964
2271,36678400000000_480,1964
2845,19643800000000_3060,1964
3037,56737600000000_2920,1964
3041,30666200000000_3135,1964
3295,54720600000000_2825,1964
3402,19650600000000_1500,1964
3424,19648300000000_2595,1964
3520,19734500000000_628,1964
3712,16639200000000_2548,1964
3751,56725500000000_812,1964
4115,48700000000000_21,1964
4133,48700000000000_312,1964
4283,56726000000000_231,1964
63,43700000000000_70,1965
78,4610000000000_86,1965
142,43700000000000_153,1965
167,43700000000000_178,1965
217,27700000000000_232,1965
308,43700000000000_328,1965
403,15600000000000_428,1965
427,10600000000000_455,1965
464,10600000000000_496,1965
483,39700000000000_515,1965
508,14632700000000_2141,1965
537,36676100000000_592,1965
687,19645010000000_668,1965
771,33751800000000_2713,1965
897,30665100000000_1070,1965
921,19648400000000_144,1965
974,19644400000000_1736,1965
1020,33671200000000_111,1965
1194,36677100000000_2656,1965
1235,30664800000000_2,1965
1419,56726000000000_129,1965
1461,33671200000000_1304,1965
1919,19645000000000_835,1965
1944,19734500000000_3032,1965
1977,30666100000000_468,1965
1980,19734600000000_529,1965
2086,33103300000000_2305,1965
2140,36678200000000_124,1965
2157,30666100000000_527,1965
2274,36678800000000_606,1965
2392,36678800000000_3172,1965
2518,54722500000000_3483,1965
2526,19643800000000_3786,1965
2537,56726000000000_225,1965
2556,19645300000000_836,1965
2782,19645300000000_3562,1965
3035,54722600000000_2814,1965
3059,30666200000000_414,1965
3067,54753300000000_1414,1965
3078,36678800000000_2774,1965
3181,19646800000000_50,1965
3268,54722100000000_3440,1965
3317,54718500000000_536,1965
3362,19649100000000_123,1965
3416,19648200000000_2112,1965
3531,19649100000000_1240,1965
3663,36678500000000_212,1965
3710,16639300000000_2528,1965
3741,16638800000000_113,1965
3748,19650500000000_492,1965
3795,30665600000000_3219,1965
3879,30665600000000_1619,1965
3907,54767900000000_385,1965
3909,33670300000000_415,1965
3925,16639200000000_2011,1965
4076,30736400000000_128,1965
4154,30665100000000_3256,1965
4337,30666700000000_1456,1965
28,42700000000000_29,1966
60,43700000000000_67,1966
224,1750000000000_240,1966
755,19646300000000_1279,1966
835,19734400000000_941,1966
2001,30666200000000_889,1966
2013,30665500000000_1037,1966
2480,33670900000000_1989,1966
2557,30666500000000_888,1966
2593,56726000000000_1525,1966
2792,30666200000000_3855,1966
2948,56737600000000_167,1966
3010,19642600000000_1299,1966
3021,36750700000000_1822,1966
3462,56725500000000_427,1966
3814,36676000000000_72,1966
66,43700000000000_74,1967
239,10600000000000_256,1967
377,42700000000000_400,1967
401,15600000000000_426,1967
415,10700000000000_442,1967
1071,19648400000000_2261,1967
1082,36677100000000_2841,1967
1453,42767900000000_815,1967
1858,19650600000000_3190,1967
2624,19112000000000_2320,1967
2879,30666200000000_342,1967
2983,54722600000000_3061,1967
3022,19648700000000_1970,1967
3137,30736500000000_3537,1967
3146,30666000000000_10,1967
3165,19734600000000_1694,1967
3190,19644400000000_1951,1967
3735,19734500000000_3782,1967
207,41700000000000_220,1968
226,1750000000000_242,1968
442,10600000000000_470,1968
669,19645200000000_2446,1968
697,30666500000000_882,1968
748,33670600000000_1110,1968
870,19734600000000_3655,1968
1199,33672100000000_2801,1968
1446,19734400000000_648,1968
1456,30665500000000_874,1968
1756,19647300000000_1474,1968
1856,33670300000000_2773,1968
2006,19650000000000_927,1968
2283,19644500000000_820,1968
2425,30666500000000_277,1968
2545,30666500000000_495,1968
2661,19651300000000_3115,1968
2714,36678800000000_934,1968
3044,19648700000000_3252,1968
3276,19648700000000_1979,1968
3588,19651400000000_352,1968
3687,36676800000000_1705,1968
3703,19645000000000_2282,1968
3744,19647300000000_307,1968
3804,33670300000000_3594,1968
4304,19648400000000_1594,1968
50,10600000000000_57,1969
51,10600000000000_58,1969
68,43700000000000_76,1969
373,44700000000000_396,1969
637,19642100000000_412,1969
1009,19643000000000_3434,1969
1266,19647740000000_688,1969
1297,30665200000000_1447,1969
2155,19643800000000_396,1969
2878,56737600000000_146,1969
3056,42692000000000_266,1969
3468,36676800000000_845,1969
3716,19649100000000_2839,1969
3985,33751900000000_3398,1969
4078,19645800000000_1136,1969
4203,36676800000000_300,1969
80,4610000000000_89,1970
102,1610000000000_112,1970
395,1610000000000_419,1970
423,10600000000000_451,1970
1291,19646300000000_1366,1970
1520,56724500000000_2967,1970
1981,36677100000000_611,1970
2023,19642800000000_1124,1970
2104,19642100000000_2742,1970
2443,36678190000000_662,1970
2550,54722300000000_607,1970
2554,19643290000000_800,1970
2769,19644500000000_3288,1970
2902,30736500000000_1391,1970
2914,56737600000000_1844,1970
3001,56737600000000_501,1970
3215,30736500000000_3488,1970
4126,4610000000000_198,1970
4140,15600000000000_435,1970
4231,30664700000000_2906,1970
404,15600000000000_429,1971
469,10600000000000_501,1971
611,19646300000000_1369,1971
823,19645920000000_659,1971
1152,30665100000000_1266,1971
1512,19650800000000_2591,1971
1636,19643500000000_1697,1971
2426,36678800000000_321,1971
2611,19651100000000_1784,1971
2615,19734600000000_1845,1971
2807,54718370000000_772,1971
2829,19651100000000_2496,1971
2988,54105500000000_3478,1971
3084,30736500000000_3520,1971
3133,30666000000000_3057,1971
3141,19651100000000_3658,1971
3205,36678400000000_1862,1971
3266,19651300000000_1601,1971
3331,36678700000000_1886,1971
3344,36678700000000_3571,1971
4096,19646600000000_2762,1971
4122,43700000000000_71,1971
441,10600000000000_469,1972
678,19102000000000_3691,1972
900,54722300000000_1712,1972
1045,19642100000000_998,1972
1538,30666500000000_3460,1972
1780,30739200000000_3188,1972
2341,36678800000000_2108,1972
2372,19753400000000_2778,1972
2421,56726000000000_150,1972
2819,19646800000000_1799,1972
3174,30736500000000_2895,1972
3184,19650000000000_449,1972
3591,36676800000000_805,1972
3602,33670300000000_1494,1972
76,4610000000000_84,1973
454,10600000000000_485,1973
466,10600000000000_498,1973
2203,54720700000000_2221,1973
3187,42692000000000_880,1973
177,1610000000000_188,1974
843,36750800000000_1858,1974
2272,30736500000000_526,1974
2415,33751800000000_3818,1974
2884,30736500000000_603,1974
3189,36678400000000_1559,1974
3580,19734500000000_82,1974
3740,19643300000000_57,1974
16,43700000000000_16,1975
120,43700000000000_130,1975
260,10800000000000_277,1975
696,19649800000000_871,1975
1795,19642500000000_642,1975
2025,33670900000000_1126,1975
3143,19646800000000_3732,1975
57,10600000000000_64,1976
129,28700000000000_139,1976
168,7620000000000_179,1976
1238,36677100000000_46,1976
1239,36677100000000_61,1976
1713,19647300000000_81,1976
1954,36677100000000_60,1976
2178,36750500000000_1159,1976
2224,19734400000000_3012,1976
2510,19757100000000_3089,1976
2572,36678400000000_1049,1976
2584,30736500000000_1203,1976
2762,36678800000000_3030,1976
2774,36750700000000_3544,1976
2802,19734600000000_436,1976
2967,56726000000000_1564,1976
3083,19734600000000_3267,1976
3147,30665100000000_15,1976
3578,36676800000000_52,1976
3662,33751900000000_206,1976
4255,19647900000000_355,1976
4292,30736500000000_3589,1976
334,43700000000000_356,1977
3202,30736500000000_254,1977
4303,30736500000000_624,1977
83,9620000000000_92,1978
209,41700000000000_224,1978
218,27700000000000_233,1978
530,36738900000000_324,1978
2251,36678800000000_3665,1978
2712,19644900000000_857,1978
2850,54722500000000_3485,1978
3053,19646800000000_41,1978
3490,19649100000000_1815,1978
4269,19651100000000_3647,1978
58,10600000000000_65,1979
87,17600000000000_96,1979
293,48700000000000_310,1979
372,44700000000000_395,1979
624,36738900000000_2592,1979
1214,36677100000000_3161,1979
1417,19753400000000_28,1979
2860,54722600000000_3788,1979
3134,30736500000000_3134,1979
3738,56725500000000_38,1979
4306,30736500000000_1646,1979
223,1750000000000_239,1980
735,36677800000000_3862,1980
736,30103100000000_24,1980
744,19647330000000_737,1980
816,33670600000000_8,1980
911,36677100000000_2494,1980
1013,19645500000000_3761,1980
1261,19651000000000_575,1980
1298,19752900000000_1464,1980
1366,36678800000000_2954,1980
1416,33670800000000_18,1980
1458,19642900000000_956,1980
1587,19647300000000_3022,1980
1761,19647300000000_2232,1980
1864,30666700000000_13,1980
1953,30666000000000_26,1980
1965,33671200000000_313,1980
2253,56726500000000_20,1980
2256,56726500000000_85,1980
2260,19645400000000_104,1980
2265,19648700000000_362,1980
2506,36678800000000_2969,1980
2766,36678800000000_3186,1980
2870,56737600000000_16,1980
2956,19648320000000_756,1980
2957,30736500000000_862,1980
2999,30664600000000_383,1980
3098,30666200000000_3601,1980
3161,19643900000000_904,1980
3265,19649600000000_1333,1980
3283,54720400000000_2820,1980
3303,36678700000000_451,1980
3417,30665000000000_2114,1980
3551,19734500000000_2304,1980
3737,36678500000000_3,1980
4116,40800000000000_42,1980
4142,10600000000000_448,1980
4146,10600000000000_495,1980
4369,19647300000000_2953,1980
82,9620000000000_91,1981
96,9620000000000_106,1981
307,45700000000000_327,1981
627,33103300000000_2984,1981
1027,36677100000000_470,1981
1930,19647300000000_1791,1981
2057,19647200000000_1640,1981
2634,19651100000000_2535,1981
3099,19752900000000_3685,1981
3369,36678500000000_828,1981
3658,54767900000000_3829,1981
3960,30666700000000_2470,1981
291,48700000000000_308,1982
322,10700000000000_342,1982
649,19646000000000_1271,1982
762,33670660000000_2204,1982
1529,30666100000000_3286,1982
2805,19734600000000_645,1982
3103,19642600000000_347,1982
3540,30665600000000_1628,1982
3561,19643300000000_2879,1982
4260,30666000000000_3832,1982
4385,19651400000000_21,1982
944,19753410000000_755,1983
2087,16101700000000_2375,1983
2552,56726500000000_621,1983
3240,54722500000000_22,1983
880,19646400000000_65,1984
65,43700000000000_73,1985
69,29700000000000_77,1985
94,15600000000000_104,1985
417,10600000000000_444,1985
492,39700000000000_524,1985
4147,39700000000000_525,1985
194,57700000000000_207,1986
400,15600000000000_425,1986
1022,19645500000000_237,1986
2213,54720700000000_2491,1986
2971,42767900000000_1919,1986
378,42700000000000_401,1987
384,52700000000000_408,1987
572,36750500000000_1792,1987
1251,33671700000000_388,1987
1348,56725400000000_2499,1987
1555,36678500000000_767,1987
1895,30666700000000_2013,1987
1931,19648200000000_1980,1987
2429,33671200000000_358,1987
2548,19643000000000_582,1987
2998,56739400000000_349,1987
3151,30664600000000_360,1987
3182,30736500000000_359,1987
3822,19649100000000_647,1987
3884,19650900000000_1943,1987
67,43700000000000_75,1988
462,10600000000000_493,1988
2302,30665200000000_1294,1988
2321,19646300000000_1613,1988
2539,30736500000000_291,1988
2690,33670900000000_348,1988
4310,30664600000000_55,1988
4316,30664600000000_56,1988
359,23700000000000_381,1989
491,39700000000000_523,1989
879,30665200000000_3825,1989
1084,19645900000000_2873,1989
1097,33671200000000_156,1989
1161,33670900000000_1523,1989
1335,19648100000000_2110,1989
1370,19642100000000_3046,1989
1430,33671200000000_259,1989
1550,30666700000000_408,1989
1969,19734400000000_397,1989
2000,30665200000000_852,1989
2002,19642100000000_914,1989
2101,30665200000000_2726,1989
2153,36678800000000_361,1989
2263,36678800000000_261,1989
2430,19650000000000_394,1989
3057,30664500000000_268,1989
3517,33670300000000_398,1989
3694,30736400000000_2111,1989
3863,19649100000000_623,1989
4120,10600000000000_52,1989
4384,33751900000000_1856,1989
382,42700000000000_406,1990
396,1610000000000_420,1990
554,36675900000000_34,1990
625,36679200000000_2858,1990
739,33671700000000_465,1990
1028,30664800000000_478,1990
1144,30666100000000_1233,1990
1167,19757100000000_1857,1990
1180,33672000000000_2278,1990
1220,30665200000000_3344,1990
1518,36679600000000_2950,1990
1566,19649100000000_2835,1990
1592,30739200000000_1770,1990
1733,36676900000000_2678,1990
1754,19642500000000_1283,1990
1841,19648200000000_1595,1990
2097,36677100000000_2636,1990
2112,30664700000000_3101,1990
2121,19642800000000_3581,1990
2167,30665200000000_831,1990
2366,33671200000000_2617,1990
2448,19643000000000_869,1990
2652,30665200000000_2983,1990
2678,56737600000000_3653,1990
2684,36678400000000_133,1990
2760,54722600000000_2992,1990
2798,30666500000000_302,1990
2841,33671200000000_2947,1990
2877,36678800000000_145,1990
2896,56737600000000_1135,1990
2981,36750700000000_2798,1990
2997,30666500000000_289,1990
3549,33752000000000_2104,1990
3555,33751900000000_2604,1990
3560,33669800000000_2856,1990
3643,19649100000000_3585,1990
3870,19649100000000_1145,1990
3918,16639200000000_1114,1990
3965,30736400000000_3492,1990
4043,30736400000000_466,1990
4162,33672300000000_1250,1990
4188,19648400000000_1515,1990
4208,19647300000000_959,1990
4345,56725500000000_2450,1990
4368,56725500000000_1783,1990
4370,19650900000000_328,1990
54,10600000000000_61,1991
155,39700000000000_166,1991
259,20700000000000_276,1991
405,15600000000000_430,1991
455,10600000000000_486,1991
488,39700000000000_520,1991
489,39700000000000_521,1991
496,19642100000000_2266,1991
620,14632700000000_2324,1991
682,33670800000000_3746,1991
686,15636800000000_327,1991
818,36677800000000_241,1991
820,33671700000000_389,1991
821,19646400000000_614,1991
840,30665200000000_1492,1991
896,33670800000000_1069,1991
999,19643000000000_2543,1991
1004,33103300000000_2986,1991
1047,36677100000000_1016,1991
1163,36678800000000_1803,1991
1375,33671200000000_3167,1991
1554,36679300000000_1354,1991
1651,19647300000000_2832,1991
1802,19648600000000_1840,1991
1898,30736400000000_2344,1991
1989,19642610000000_739,1991
2193,19753300000000_1930,1991
2218,19645300000000_2613,1991
2374,30666200000000_2846,1991
2473,33671200000000_1660,1991
2474,19644500000000_1706,1991
2612,33751800000000_1797,1991
2617,19647900000000_2017,1991
2692,30666200000000_442,1991
2759,19645300000000_2982,1991
2924,56724500000000_2819,1991
2946,54722300000000_70,1991
3130,19648700000000_2758,1991
3149,56739400000000_137,1991
3166,30666500000000_1728,1991
3433,16639200000000_3023,1991
3541,19651400000000_1680,1991
3568,33670300000000_3218,1991
3639,30666700000000_2816,1991
3755,19647300000000_931,1991
3844,33751900000000_2911,1991
3891,19643300000000_2634,1991
4070,54768400000000_3811,1991
4114,26736900000000_3195,1991
4189,33671200000000_2736,1991
4211,30664700000000_298,1991
4289,19734600000000_3353,1991
4332,36678500000000_1451,1991
4380,19643300000000_1055,1991
25,16700000000000_26,1992
26,31800000000000_27,1992
138,16700000000000_148,1992
143,43700000000000_154,1992
237,7620000000000_253,1992
324,10700000000000_344,1992
329,43700000000000_349,1992
393,1610000000000_417,1992
467,10600000000000_499,1992
576,36676100000000_3247,1992
626,36750800000000_2972,1992
808,36679200000000_2769,1992
844,15737400000000_2093,1992
1031,19651000000000_627,1992
1065,30665200000000_1949,1992
1157,54722600000000_1339,1992
1189,19648100000000_2519,1992
1193,19646300000000_2638,1992
1250,36677100000000_351,1992
1253,19734400000000_416,1992
1283,19642100000000_1072,1992
1309,36677100000000_1834,1992
1379,30665200000000_3276,1992
1549,19647300000000_2201,1992
1609,30666700000000_1880,1992
1879,30666700000000_1109,1992
1949,30665600000000_3688,1992
2094,19648400000000_2588,1992
2123,36677100000000_3610,1992
2144,33670800000000_187,1992
2179,33670900000000_1189,1992
2181,19643000000000_1415,1992
2219,30665200000000_2646,1992
2232,33671200000000_3158,1992
2245,33670800000000_3568,1992
2299,33670800000000_1255,1992
2400,30666100000000_3274,1992
2514,19645200000000_3258,1992
2527,33670800000000_3812,1992
2635,36678800000000_2619,1992
2817,30666200000000_1497,1992
3142,56737600000000_3721,1992
3168,36678400000000_1921,1992
3203,19752900000000_560,1992
3249,19646800000000_188,1992
3431,36678500000000_2926,1992
3548,19647300000000_2088,1992
3559,30736400000000_2844,1992
3685,33670300000000_1681,1992
3766,33670300000000_1460,1992
3772,19647300000000_1761,1992
3873,33670300000000_1280,1992
4080,14101400000000_1476,1992
4151,30665200000000_1690,1992
4220,33752400000000_3641,1992
4230,19648400000000_2624,1992
4376,33670300000000_3777,1992
45,40700000000000_50,1993
206,41700000000000_219,1993
292,48700000000000_309,1993
399,15600000000000_423,1993
477,44700000000000_509,1993
546,36738900000000_2223,1993
851,36750800000000_2558,1993
867,15637800000000_3260,1993
883,19651000000000_86,1993
960,36677100000000_1257,1993
998,19647900000000_2508,1993
1055,30667500000000_1473,1993
1076,30666200000000_2442,1993
1158,33672000000000_1371,1993
1177,19648400000000_2164,1993
1205,19645500000000_2932,1993
1219,19651000000000_3329,1993
1227,19642900000000_3468,1993
1347,19644400000000_2454,1993
1358,30665200000000_2847,1993
1409,19642100000000_3467,1993
1457,19642900000000_926,1993
1464,19102000000000_1374,1993
1521,19645200000000_3042,1993
1564,36679300000000_2688,1993
1615,19647300000000_2398,1993
1900,30666700000000_2459,1993
1996,33751800000000_807,1993
2070,33671200000000_1847,1993
2079,15638300000000_2138,1993
2102,19647200000000_2728,1993
2162,19648400000000_571,1993
2230,30665300000000_3071,1993
2248,19734600000000_3588,1993
2290,30666200000000_961,1993
2306,56724600000000_1324,1993
2315,19648100000000_1589,1993
2325,19647200000000_1643,1993
2578,33672000000000_1155,1993
2671,33751800000000_3489,1993
2768,56726000000000_3238,1993
2770,33670900000000_3297,1993
2771,54722500000000_3480,1993
2797,36678400000000_290,1993
2804,56726000000000_595,1993
2900,54722600000000_1281,1993
2927,19648400000000_2921,1993
3336,54720250000000_2487,1993
3393,33672200000000_1278,1993
3546,19649100000000_1870,1993
3574,36676800000000_3827,1993
3575,19734500000000_3841,1993
3718,30736400000000_2896,1993
3888,14101400000000_2326,1993
3955,19648300000000_1931,1993
4135,44700000000000_352,1993
4237,19651000000000_1293,1993
4308,19651100000000_1965,1993
4335,19734500000000_1296,1993
4339,19650600000000_1465,1993
4373,19647300000000_1305,1993
55,10600000000000_62,1994
61,43700000000000_68,1994
212,41700000000000_227,1994
213,41700000000000_228,1994
332,44700000000000_353,1994
349,7620000000000_371,1994
370,44700000000000_393,1994
402,15600000000000_427,1994
458,10600000000000_489,1994
460,10600000000000_491,1994
644,30739240000000_656,1994
743,30665480000000_730,1994
790,36678800000000_847,1994
885,19102000000000_272,1994
975,36677100000000_1741,1994
1081,33672000000000_2741,1994
1352,19645300000000_2616,1994
1445,33670800000000_616,1994
1607,19647300000000_1322,1994
1695,19650600000000_2124,1994
1797,30736400000000_1030,1994
1798,56768300000000_1180,1994
1853,19650600000000_2428,1994
2008,36677100000000_953,1994
2016,19752900000000_1073,1994
2021,30665200000000_1090,1994
2049,19647700000000_1450,1994
2052,56724600000000_1518,1994
2449,30666200000000_990,1994
2576,30665200000000_1119,1994
2672,19644500000000_3543,1994
2818,54722600000000_1737,1994
2905,54722600000000_1585,1994
2915,19650000000000_2083,1994
2922,56737600000000_2593,1994
2941,19646800000000_3787,1994
2985,30736500000000_3263,1994
3050,30664600000000_3821,1994
3071,56739400000000_1952,1994
3179,19649800000000_3697,1994
3253,19650300000000_1853,1994
3485,16639200000000_1484,1994
3511,19651400000000_3565,1994
3512,30665600000000_3654,1994
3523,36678500000000_825,1994
3570,33751900000000_3558,1994
3646,54719900000000_3679,1994
3812,30666700000000_3802,1994
3817,54722000000000_365,1994
3829,16639200000000_1454,1994
3867,30665600000000_884,1994
3883,26736900000000_1833,1994
3901,56725500000000_3446,1994
3911,36676800000000_577,1994
3947,30736400000000_1273,1994
4051,19648300000000_2784,1994
4253,19734600000000_3656,1994
4261,19647900000000_2012,1994
4334,30666700000000_424,1994
176,1610000000000_187,1995
179,1610000000000_190,1995
180,1610000000000_191,1995
295,54700000000000_315,1995
338,31700000000000_360,1995
606,36103600000000_982,1995
813,36750800000000_3364,1995
862,36103600000000_3081,1995
1010,19651000000000_3575,1995
1017,19646900000000_3775,1995
1073,26736700000000_2386,1995
1086,19734400000000_3040,1995
1125,19651020000000_790,1995
1162,30664700000000_1781,1995
1168,19752900000000_1923,1995
1204,33671700000000_2905,1995
1345,19642800000000_2376,1995
1388,33671200000000_3336,1995
1539,30666100000000_3642,1995
1678,19644800000000_864,1995
1684,19642500000000_1659,1995
1711,19647300000000_3763,1995
1904,30739200000000_2635,1995
2120,30665100000000_3566,1995
2145,33671200000000_200,1995
2221,19648100000000_2849,1995
2305,36678800000000_1316,1995
2440,33751800000000_618,1995
2479,33670900000000_1975,1995
2490,19647700000000_2473,1995
2502,33672100000000_2755,1995
2646,36678800000000_2730,1995
2844,30666500000000_3039,1995
2854,56726000000000_3577,1995
2970,19651100000000_1800,1995
3222,42691500000000_2555,1995
3652,36678500000000_3813,1995
3724,33670300000000_3131,1995
3847,33670300000000_3345,1995
3872,36676800000000_1277,1995
3935,30736400000000_3493,1995
3963,19648300000000_3296,1995
4033,33751900000000_2750,1995
4209,30665600000000_1666,1995
4252,19650000000000_3246,1995
4262,36678800000000_2614,1995
47,10600000000000_53,1996
539,33671700000000_641,1996
544,33670600000000_1445,1996
549,19648100000000_2436,1996
623,19744300000000_2485,1996
810,33671800000000_3068,1996
988,33672100000000_2203,1996
1037,33670330000000_741,1996
1054,19753400000000_1462,1996
1106,33671200000000_584,1996
1146,36677100000000_1241,1996
1181,30664800000000_2293,1996
1281,19648700000000_1046,1996
1584,19642500000000_2811,1996
1588,36679300000000_3234,1996
1869,19647300000000_319,1996
1901,19734500000000_2484,1996
1948,19650500000000_3306,1996
2060,30665200000000_1776,1996
2061,30665200000000_1787,1996
2080,30667500000000_2159,1996
2108,36677100000000_2903,1996
2373,54755200000000_2843,1996
2662,56726000000000_3126,1996
2789,56726000000000_3627,1996
2823,56737600000000_2220,1996
2901,56726000000000_1290,1996
2929,36678800000000_3093,1996
2980,30664600000000_2630,1996
3034,33670900000000_2799,1996
3145,56737600000000_3756,1996
3157,19644850000000_792,1996
3407,19649100000000_1707,1996
3423,19734500000000_2434,1996
3434,30666700000000_3031,1996
3649,19647300000000_3806,1996
3672,33670300000000_1025,1996
3776,16639200000000_1876,1996
4121,10600000000000_54,1996
4379,33751900000000_2782,1996
1,27800000000000_1,1997
10,52700000000000_10,1997
501,36678800000000_608,1997
521,36738900000000_3231,1997
674,15637800000000_3035,1997
783,19646900000000_232,1997
858,19646400000000_2794,1997
904,15636800000000_2115,1997
948,19645200000000_899,1997
1030,19752900000000_625,1997
1196,19752900000000_2685,1997
1228,33671800000000_3505,1997
1263,36677100000000_617,1997
1277,30665200000000_955,1997
1311,30666000000000_1896,1997
1349,19648400000000_2553,1997
1407,19648700000000_3431,1997
1591,36679300000000_493,1997
1622,36750400000000_3175,1997
1632,19647300000000_1048,1997
1650,36739600000000_2805,1997
1698,36679300000000_2390,1997
1699,36679300000000_2530,1997
1783,30666700000000_3646,1997
1842,19643500000000_1742,1997
2010,30666000000000_972,1997
2093,36677100000000_2565,1997
2122,19642900000000_3607,1997
2133,30666100000000_3724,1997
2171,19648400000000_958,1997
2250,19644500000000_3664,1997
2269,36678800000000_425,1997
2332,54722300000000_1743,1997
2459,33671200000000_1276,1997
2477,30666200000000_1925,1997
2564,36678800000000_988,1997
2675,36678800000000_3591,1997
2834,19644500000000_2655,1997
3069,19646800000000_1731,1997
3210,56725200000000_2610,1997
3244,42692100000000_1307,1997
3411,30666700000000_1962,1997
3589,33751900000000_434,1997
3638,19650500000000_2813,1997
3786,33670300000000_2575,1997
3808,19649100000000_3726,1997
3869,36676000000000_1015,1997
3875,30739200000000_1440,1997
3881,19647300000000_1778,1997
3919,16639300000000_1225,1997
3944,30736400000000_1212,1997
4013,33751900000000_3609,1997
4056,30736400000000_2804,1997
4170,36678400000000_2914,1997
4238,30665100000000_1612,1997
4239,19648400000000_1767,1997
4272,36678400000000_583,1997
64,43700000000000_72,1998
70,54700000000000_78,1998
93,15700000000000_103,1998
326,10700000000000_346,1998
333,43700000000000_354,1998
713,9765960000000_2479,1998
1000,30103100000000_2644,1998
1008,30666200000000_3379,1998
1101,19734400000000_548,1998
1115,19642870000000_680,1998
1308,33751800000000_1812,1998
1368,19734400000000_3015,1998
1488,36678800000000_2055,1998
1500,30666000000000_2233,1998
1556,19643500000000_1674,1998
1601,30666700000000_2904,1998
1603,30666700000000_780,1998
1606,30666700000000_1097,1998
1682,19647300000000_1192,1998
1809,36678500000000_3074,1998
1883,16639300000000_1229,1998
1909,30666700000000_2910,1998
1910,30666700000000_3004,1998
1939,30664300000000_2717,1998
2032,19647700000000_1312,1998
2095,33672500000000_2612,1998
2118,33751800000000_3429,1998
2331,30665200000000_1735,1998
2450,56724500000000_1007,1998
2451,56726000000000_1088,1998
2475,19753300000000_1835,1998
2488,19647700000000_2453,1998
2524,33751800000000_3774,1998
2589,19643000000000_1372,1998
2618,33669900000000_2081,1998
2636,30736500000000_2622,1998
2757,19650000000000_2827,1998
2815,33669900000000_1131,1998
2940,54718400000000_3778,1998
3006,54753300000000_997,1998
3019,56737600000000_1780,1998
3020,56737600000000_1819,1998
3051,56726000000000_3822,1998
3064,33751920000000_778,1998
3068,56737600000000_1661,1998
3290,54720300000000_2745,1998
3484,19734500000000_1479,1998
3681,19734500000000_1340,1998
3702,54719900000000_2257,1998
3937,30665600000000_103,1998
3950,30736400000000_1587,1998
4026,26736900000000_1830,1998
4152,36678800000000_2380,1998
4359,19647300000000_1818,1998
46,15600000000000_51,1999
98,9620000000000_108,1999
331,44800000000000_351,1999
420,10600000000000_447,1999
542,36677100000000_1262,1999
792,19651300000000_1066,1999
793,36750800000000_1190,1999
850,36103600000000_2384,1999
973,19649800000000_1726,1999
1011,30666100000000_3605,1999
1012,30667500000000_3667,1999
1036,33670900000000_736,1999
1145,56725400000000_1239,1999
1175,33671200000000_2065,1999
1384,19647200000000_3301,1999
1513,19644400000000_2621,1999
1608,30739200000000_1772,1999
1654,19647300000000_2850,1999
1694,30666700000000_2120,1999
1786,19648200000000_3767,1999
1805,19648200000000_2027,1999
2085,19102000000000_2303,1999
2107,30665200000000_2883,1999
2129,30666200000000_3710,1999
2252,19647700000000_3804,1999
2361,19644400000000_2541,1999
2371,56724600000000_2776,1999
2454,30666200000000_1221,1999
2498,30666200000000_2659,1999
2560,36677000000000_966,1999
2629,19648400000000_2443,1999
2659,36678800000000_3083,1999
2676,30666200000000_3602,1999
2693,54722600000000_458,1999
2746,19647700000000_2468,1999
2889,19644500000000_816,1999
2899,36678400000000_1210,1999
2932,42767900000000_3111,1999
2963,36678800000000_1147,1999
2993,30664600000000_136,1999
3005,19734600000000_973,1999
3009,36678800000000_1288,1999
3031,19650000000000_2615,1999
3257,30736500000000_2623,1999
3350,54722600000000_2488,1999
3505,19647300000000_3002,1999
3612,30666700000000_1790,1999
3806,19650900000000_3703,1999
3818,33670300000000_472,1999
3824,33751900000000_1253,1999
3828,33751900000000_1448,1999
3865,36676800000000_850,1999
3887,56768300000000_2272,1999
3905,33751900000000_4,1999
3933,36676800000000_3062,1999
4059,19648800000000_3699,1999
4092,30736400000000_2818,1999
4139,15600000000000_424,1999
4144,10600000000000_478,1999
4150,36750440000000_734,1999
4264,19647700000000_3033,1999
4327,19651400000000_2684,1999
4389,33751900000000_2889,1999
24,27700000000000_25,2000
56,10600000000000_63,2000
147,43700000000000_158,2000
153,39700000000000_164,2000
456,10600000000000_487,2000
457,10600000000000_488,2000
841,36677800000000_1574,2000
852,30103100000000_2647,2000
901,19648100000000_2030,2000
963,19644400000000_1567,2000
1002,56725400000000_2877,2000
1159,19648700000000_1461,2000
1231,19734400000000_3663,2000
1387,33671200000000_3335,2000
1477,19648700000000_1824,2000
1515,30665200000000_2775,2000
1628,19647100000000_92,2000
1826,19647300000000_190,2000
1946,30666700000000_3109,2000
1986,33669930000000_703,2000
2119,30664600000000_3447,2000
2210,33671700000000_2276,2000
2317,54105500000000_1602,2000
2344,42767900000000_2161,2000
2369,36677100000000_2740,2000
2376,19645400000000_2946,2000
2470,19648100000000_1591,2000
2487,19646800000000_2356,2000
2516,19645300000000_3268,2000
2525,19644500000000_3785,2000
2585,36678800000000_1285,2000
2701,54722600000000_596,2000
2709,30664600000000_806,2000
2892,56726500000000_1031,2000
3032,19651100000000_2699,2000
3076,19647700000000_2536,2000
3126,36678400000000_2059,2000
3211,19648700000000_2949,2000
3323,42691600000000_498,2000
3436,19651400000000_3222,2000
3509,36678500000000_3075,2000
3525,36678500000000_965,2000
3605,19649100000000_1560,2000
3676,30666700000000_1153,2000
4014,33670300000000_3833,2000
4132,48700000000000_311,2000
4163,30665200000000_1993,2000
4245,19647900000000_2074,2000
4251,56725600000000_2962,2000
4259,19647700000000_2515,2000
4307,30664600000000_1507,2000
29,31800000000000_30,2001
255,16700000000000_272,2001
294,43700000000000_314,2001
587,19646300000000_476,2001
787,19757130000000_696,2001
908,56725400000000_2271,2001
912,19642900000000_2682,2001
935,19643900000000_429,2001
979,36678800000000_1960,2001
1296,33670800000000_1443,2001
1377,19642900000000_3221,2001
1420,36678800000000_132,2001
1561,19649100000000_3604,2001
1570,15101600000000_2948,2001
1586,19647300000000_2925,2001
1679,30666700000000_906,2001
1703,30736400000000_2996,2001
1706,19647300000000_3228,2001
1844,36678500000000_1945,2001
2185,30666100000000_1639,2001
2386,33670900000000_3064,2001
2453,19644400000000_1211,2001
2520,30666500000000_3563,2001
2565,56724500000000_1008,2001
2758,33751800000000_2934,2001
2842,56725600000000_2956,2001
3046,56737600000000_3355,2001
3104,19646800000000_430,2001
3254,56725200000000_1935,2001
3444,30736400000000_3363,2001
3463,36676800000000_463,2001
3465,30666700000000_817,2001
3637,56725500000000_2727,2001
3682,16639200000000_1501,2001
3754,36678500000000_912,2001
3760,30736400000000_1252,2001
3780,30736400000000_2109,2001
3783,19651400000000_2549,2001
3813,33751900000000_3857,2001
3853,19651400000000_3779,2001
3902,19647300000000_3448,2001
4061,30736400000000_1618,2001
4066,30736400000000_2912,2001
4305,19643000000000_3291,2001
4309,36750700000000_2817,2001
11,9620000000000_11,2002
100,9620000000000_110,2002
628,36677400000000_2991,2002
794,19648100000000_1206,2002
950,19646900000000_944,2002
1061,30665200000000_1825,2002
1215,36677100000000_3196,2002
1360,33751800000000_2871,2002
1389,30665200000000_3337,2002
1533,36677100000000_3389,2002
1598,36750400000000_2411,2002
1655,19642500000000_2866,2002
1792,19647300000000_306,2002
1851,19649100000000_2239,2002
1867,33752000000000_77,2002
1916,33669800000000_3858,2002
2191,19648100000000_1813,2002
2195,33671200000000_1963,2002
2249,33671200000000_3626,2002
2288,33672000000000_936,2002
2360,33670800000000_2512,2002
2407,33669900000000_3439,2002
2414,19647700000000_3686,2002
2495,54721600000000_2563,2002
2586,56726000000000_1298,2002
2696,33751800000000_573,2002
2727,54718400000000_1477,2002
2809,54722600000000_887,2002
2943,54723000000000_3837,2002
2979,30736500000000_2628,2002
3140,30736500000000_3640,2002
3192,19648700000000_2756,2002
3280,19648700000000_2526,2002
3375,56725500000000_1065,2002
3410,19647300000000_1836,2002
3567,30666700000000_3206,2002
3572,19645800000000_3731,2002
3613,30666700000000_1875,2002
3671,19650500000000_987,2002
3715,33670300000000_2698,2002
3791,19734500000000_3127,2002
3803,56725500000000_3539,2002
3821,33670300000000_568,2002
3878,56725500000000_1588,2002
3890,19647300000000_2480,2002
3893,19649100000000_2761,2002
3910,36676800000000_464,2002
3976,56725500000000_1663,2002
4143,10600000000000_477,2002
4218,30665200000000_2327,2002
4224,33751800000000_354,2002
4277,36676500000000_1782,2002
4362,36676800000000_2878,2002
4363,30666700000000_3432,2002
41,40800000000000_45,2003
90,1610000000000_100,2003
92,1610000000000_102,2003
127,23700000000000_137,2003
133,28700000000000_143,2003
228,15600000000000_244,2003
252,10700000000000_269,2003
505,36676100000000_2018,2003
805,36678400000000_2277,2003
918,19757100000000_3851,2003
954,19645500000000_1100,2003
958,33670800000000_1236,2003
977,33670800000000_1926,2003
1007,19648100000000_3349,2003
1160,19648400000000_1482,2003
1207,33672300000000_3005,2003
1321,36678400000000_1941,2003
1372,30665200000000_3129,2003
1376,36677100000000_3173,2003
1437,19734400000000_490,2003
1571,19642500000000_3776,2003
1620,19649100000000_3140,2003
1635,19647100000000_1688,2003
1644,19647300000000_2664,2003
1672,19648600000000_3846,2003
1720,19647100000000_803,2003
1753,30666700000000_875,2003
1828,19647300000000_276,2003
2009,19651000000000_960,2003
2116,33669900000000_3328,2003
2134,56726000000000_3733,2003
2177,30664600000000_1158,2003
2322,19647200000000_1633,2003
2334,36677100000000_1843,2003
2365,30665100000000_2603,2003
2483,54719000000000_2258,2003
2581,36679600000000_1197,2003
2608,19647200000000_1651,2003
2637,36679600000000_2642,2003
2719,54722600000000_1196,2003
2783,36679600000000_3569,2003
2832,36679600000000_2570,2003
2945,30666500000000_3854,2003
2962,30666500000000_1133,2003
2974,56737600000000_2363,2003
3017,56737600000000_1620,2003
3026,30736500000000_2372,2003
3077,54722600000000_2631,2003
3135,19650300000000_3266,2003
3357,36678700000000_2275,2003
3374,33751900000000_1064,2003
3412,33752000000000_2021,2003
3418,19649100000000_2116,2003
3441,19647300000000_3293,2003
3483,33670300000000_1303,2003
3510,19734500000000_3343,2003
3609,36676800000000_1710,2003
3633,33670300000000_2607,2003
3640,19651400000000_2960,2003
3647,30666700000000_3682,2003
3668,36676800000000_877,2003
3670,33751900000000_954,2003
3684,33672200000000_1638,2003
3714,33670300000000_2609,2003
3721,19649100000000_3099,2003
3753,33670300000000_886,2003
3832,19647300000000_1657,2003
3839,19647300000000_2482,2003
3849,19647300000000_3497,2003
3851,33752000000000_3631,2003
3864,19648300000000_827,2003
3871,19647300000000_1258,2003
3880,30736400000000_1745,2003
4032,36676800000000_2637,2003
4038,19648300000000_2812,2003
4050,36676800000000_1959,2003
4062,54719900000000_1732,2003
4073,56725500000000_2719,2003
4169,30665200000000_2460,2003
4235,33670900000000_3245,2003
4274,30665100000000_1622,2003
4351,33670300000000_3426,2003
18,29700000000000_18,2004
111,44700000000000_121,2004
128,42700000000000_138,2004
163,28700000000000_174,2004
166,27700000000000_177,2004
234,15600000000000_250,2004
248,1610000000000_265,2004
304,43700000000000_324,2004
319,45700000000000_339,2004
503,30666500000000_1939,2004
569,36675900000000_1108,2004
571,19648700000000_1693,2004
648,36750500000000_1191,2004
718,36679200000000_3244,2004
733,19651500000000_3633,2004
769,19112000000000_2517,2004
914,36677100000000_3690,2004
985,19646300000000_2118,2004
1187,19753300000000_2469,2004
1226,33671200000000_3465,2004
1260,36103600000000_542,2004
1269,36677100000000_809,2004
1371,33669900000000_3096,2004
1490,33671200000000_2060,2004
1503,36677100000000_2330,2004
1572,36679300000000_37,2004
1719,19647100000000_407,2004
1755,19647300000000_1389,2004
1781,36750400000000_3315,2004
1788,36678500000000_3798,2004
1968,33670800000000_390,2004
2075,19644400000000_1950,2004
2262,36678400000000_194,2004
2491,19650000000000_2475,2004
2494,33670800000000_2561,2004
2546,33752400000000_534,2004
2745,26749000000000_2339,2004
2857,30666500000000_3583,2004
2893,54722600000000_1038,2004
2917,26102600000000_2394,2004
3008,54753300000000_1058,2004
3111,56737590000000_777,2004
3209,30664600000000_2514,2004
3322,42691500000000_3309,2004
3392,33670300000000_1232,2004
3481,15634000000000_1248,2004
3493,19650500000000_1969,2004
3552,30736400000000_2445,2004
3641,19651400000000_3137,2004
3739,33751900000000_45,2004
3742,30736400000000_114,2004
3752,33670300000000_844,2004
3757,19651400000000_1146,2004
3759,33751900000000_1195,2004
3774,30666700000000_1769,2004
3974,30736400000000_1275,2004
3978,19651400000000_2890,2004
4113,14633100000000_3051,2004
4148,30664200000000_1215,2004
4228,30665200000000_1695,2004
4263,19647900000000_2829,2004
2,27800000000000_2,2005
21,51700000000000_22,2005
30,1750000000000_31,2005
71,1610000000000_79,2005
73,4610000000000_81,2005
105,1610000000000_115,2005
160,28700000000000_171,2005
178,1610000000000_189,2005
251,43700000000000_268,2005
288,10600000000000_305,2005
330,43700000000000_350,2005
335,10600000000000_357,2005
343,15600000000000_365,2005
473,15600000000000_505,2005
507,36678900000000_2131,2005
610,36679200000000_1078,2005
647,15737400000000_995,2005
796,19648700000000_1319,2005
868,36750800000000_3584,2005
1099,33671200000000_435,2005
1110,33671240000000_664,2005
1164,19647700000000_1850,2005
1218,54718400000000_3311,2005
1301,30664800000000_1520,2005
1408,19647700000000_3441,2005
1435,19647700000000_420,2005
1590,19647300000000_3295,2005
1599,30666700000000_2625,2005
1602,36679300000000_3540,2005
1625,30666700000000_3381,2005
1645,30666700000000_2691,2005
1721,19647300000000_1910,2005
1784,36676800000000_3648,2005
1854,19734500000000_2587,2005
1876,19642500000000_865,2005
1885,30736400000000_1292,2005
1984,15634040000000_684,2005
1990,36678430000000_750,2005
2031,19647700000000_1254,2005
2131,36677100000000_3718,2005
2135,19647200000000_3780,2005
2328,30666500000000_1647,2005
2354,36679600000000_2431,2005
2406,30665200000000_3436,2005
2409,36678400000000_3598,2005
2432,33752400000000_471,2005
2460,36678400000000_1282,2005
2500,36678800000000_2724,2005
2613,19647700000000_1802,2005
2614,36678800000000_1837,2005
2628,19651100000000_2423,2005
2633,36750700000000_2518,2005
2653,33751800000000_3013,2005
2728,30666500000000_1805,2005
2731,56726000000000_2077,2005
2785,54722600000000_3612,2005
2843,36678800000000_3001,2005
2934,19650000000000_3430,2005
3234,30666200000000_2760,2005
3282,56725200000000_1892,2005
3566,30666700000000_3157,2005
3569,33751900000000_3346,2005
3661,33670300000000_151,2005
3693,19650500000000_1992,2005
3767,30666700000000_1491,2005
3848,33751900000000_3457,2005
3852,19651400000000_3717,2005
3895,30736400000000_3098,2005
3897,19645800000000_3348,2005
3912,33751900000000_599,2005
3934,33751900000000_3397,2005
4031,19648300000000_2632,2005
4124,39700000000000_97,2005
4136,10600000000000_355,2005
4171,19753400000000_2917,2005
4183,36677100000000_1017,2005
4186,30664800000000_1047,2005
4202,30666700000000_1838,2005
4222,30665200000000_315,2005
4330,30666700000000_364,2005
103,1610000000000_113,2006
104,1610000000000_114,2006
106,1610000000000_116,2006
210,41700000000000_225,2006
290,52700000000000_307,2006
619,15737400000000_2227,2006
631,36675900000000_3707,2006
659,36676100000000_2396,2006
692,36679340000000_710,2006
754,19753300000000_1188,2006
759,19646900000000_1449,2006
767,19648400000000_2409,2006
775,19650000000000_2964,2006
842,19646900000000_1793,2006
871,30667500000000_3695,2006
910,15635500000000_2374,2006
1003,33103300000000_2974,2006
1258,56725400000000_423,2006
1279,33671200000000_970,2006
1300,36678800000000_1511,2006
1303,19644400000000_1667,2006
1431,19642900000000_260,2006
1474,19753400000000_1722,2006
1530,36677100000000_3312,2006
1574,19647300000000_148,2006
1582,19649100000000_2771,2006
1626,36679300000000_3597,2006
1643,19648200000000_2280,2006
1751,19648600000000_100,2006
1837,19647300000000_1463,2006
1927,33670300000000_1483,2006
1933,19647100000000_2155,2006
1942,33670300000000_2973,2006
1979,33671200000000_491,2006
2059,36677100000000_1744,2006
2077,56724500000000_2082,2006
2168,30666000000000_855,2006
2227,19647700000000_3026,2006
2238,19643000000000_3331,2006
2308,30665500000000_1332,2006
2311,30666500000000_1493,2006
2313,36678400000000_1514,2006
2330,36678800000000_1718,2006
2377,56725600000000_2955,2006
2387,30666500000000_3065,2006
2523,33751800000000_3752,2006
2577,30666500000000_1138,2006
2668,33671200000000_3302,2006
2697,54722600000000_574,2006
2810,42692000000000_916,2006
2831,19645300000000_2554,2006
2912,19651100000000_1760,2006
3075,54719400000000_2490,2006
3220,19650300000000_2057,2006
3232,54720600000000_2248,2006
3367,36676800000000_433,2006
3370,33670300000000_866,2006
3371,33670300000000_910,2006
3409,19649100000000_1763,2006
3473,30665000000000_1121,2006
3593,56768300000000_1127,2006
3635,19734500000000_2620,2006
3688,33670300000000_1724,2006
3720,19734500000000_3052,2006
3727,19649100000000_3239,2006
3749,33670300000000_570,2006
3761,36678500000000_1259,2006
3833,33670300000000_1696,2006
3938,36676800000000_314,2006
3964,54722200000000_3450,2006
4057,19648800000000_3199,2006
4086,16639200000000_1217,2006
4190,30665200000000_2781,2006
4365,30665600000000_1356,2006
13,10600000000000_13,2007
23,58100000000000_24,2007
35,1750000000000_36,2007
108,1610000000000_118,2007
126,7620000000000_136,2007
161,10600000000000_172,2007
287,10600000000000_304,2007
471,10600000000000_503,2007
522,36679200000000_3712,2007
527,36676100000000_182,2007
551,36678300000000_2989,2007
575,19753300000000_2681,2007
700,33751800000000_2123,2007
784,54722600000000_637,2007
801,30664600000000_1804,2007
895,36677400000000_980,2007
971,19734400000000_1711,2007
997,19753400000000_2478,2007
1074,33672500000000_2392,2007
1151,33672100000000_1264,2007
1169,33672300000000_1953,2007
1256,19648100000000_421,2007
1274,33751800000000_853,2007
1284,30664700000000_1104,2007
1478,19642900000000_1854,2007
1494,30665300000000_2127,2007
1612,36750400000000_1982,2007
1616,36676000000000_2425,2007
1637,19647300000000_1715,2007
1838,19734500000000_1468,2007
1848,19651400000000_1990,2007
1929,19647300000000_1733,2007
2106,33670900000000_2780,2007
2197,15638300000000_2015,2007
2289,30665200000000_938,2007
2310,30103100000000_1390,2007
2335,56725400000000_1860,2007
2368,33669900000000_2735,2007
2507,56725600000000_2971,2007
2555,36679600000000_834,2007
2588,36679600000000_1370,2007
2626,15751700000000_2323,2007
2669,33669900000000_3464,2007
2897,54722600000000_1151,2007
2920,42767900000000_2492,2007
2978,30736500000000_2525,2007
3042,54721200000000_3159,2007
3079,19648700000000_2831,2007
3270,54722600000000_1412,2007
3277,19648700000000_2054,2007
3467,33670300000000_824,2007
3508,33670300000000_3034,2007
3532,30666700000000_1251,2007
3686,36678500000000_1687,2007
3690,19649100000000_1764,2007
3745,56725500000000_340,2007
3775,19647300000000_1806,2007
3788,19649100000000_2806,2007
3789,56725500000000_2891,2007
3801,33751900000000_3396,2007
3831,33669800000000_1636,2007
3845,19643300000000_3085,2007
3854,16639200000000_3834,2007
3917,30739200000000_1039,2007
3941,19647300000000_1084,2007
3973,56725500000000_341,2007
4042,54767900000000_267,2007
4391,19648800000000_2779,2007
112,6620000000000_122,2008
173,15600000000000_184,2008
202,15600000000000_215,2008
581,30666500000000_3561,2008
677,36678800000000_3250,2008
712,33671800000000_2477,2008
778,33752400000000_3559,2008
860,19648100000000_3044,2008
869,30665200000000_3645,2008
898,36750700000000_1289,2008
990,19734400000000_2244,2008
1005,56725400000000_3038,2008
1243,56724600000000_138,2008
1552,19647300000000_1469,2008
1594,19647300000000_2147,2008
1595,19647300000000_2243,2008
1633,36679300000000_1157,2008
1675,36678500000000_457,2008
1732,19648600000000_2639,2008
1787,30666700000000_3769,2008
1962,36678800000000_233,2008
1999,54718900000000_833,2008
2022,30665200000000_1091,2008
2211,33672000000000_2369,2008
2216,19753400000000_2556,2008
2233,19643000000000_3253,2008
2295,56725400000000_1059,2008
2419,33669900000000_94,2008
2437,36678800000000_531,2008
2458,54755200000000_1238,2008
2645,30665100000000_2721,2008
2658,36678800000000_3078,2008
2691,36679600000000_439,2008
2729,54722600000000_1839,2008
2822,56726000000000_2019,2008
2830,19643000000000_2545,2008
3193,54720400000000_2824,2008
3306,15637800000000_2163,2008
3474,19643300000000_1122,2008
3529,30666700000000_1117,2008
3642,19734500000000_3271,2008
3756,19650500000000_1144,2008
3826,19648800000000_1441,2008
4331,30666700000000_1272,2008
4352,30666700000000_3570,2008
4378,19647300000000_1152,2008
286,43700000000000_303,2009
493,19648100000000_3557,2009
494,36675900000000_2121,2009
520,36678800000000_2687,2009
684,36678800000000_161,2009
698,19646300000000_1343,2009
702,15737400000000_2140,2009
768,19646300000000_2422,2009
856,19648700000000_2767,2009
1190,19646900000000_2557,2009
1259,36678400000000_475,2009
1505,19646300000000_2334,2009
1617,36676000000000_2551,2009
1722,33671600000000_2129,2009
1840,36750400000000_1566,2009
1892,33670300000000_1789,2009
1903,36750400000000_2633,2009
1934,30736400000000_2170,2009
2029,54722600000000_1160,2009
2051,19768700000000_1509,2009
2098,36678400000000_2708,2009
2312,56725400000000_1510,2009
2482,16638900000000_2130,2009
2489,36679000000000_2466,2009
2528,30666500000000_3853,2009
2616,36679600000000_1956,2009
2811,56737600000000_942,2009
2853,54105500000000_3542,2009
2910,26736700000000_1682,2009
3045,33751800000000_3354,2009
3132,19646800000000_3050,2009
3422,19647300000000_2410,2009
3471,33672200000000_1042,2009
3499,36678500000000_2581,2009
3636,19650900000000_2707,2009
3971,15101600000000_3819,2009
3984,16639300000000_3204,2009
4023,16639600000000_1563,2009
4210,33752000000000_2103,2009
175,1610000000000_186,2010
195,57700000000000_208,2010
233,27700000000000_249,2010
430,10600000000000_458,2010
478,44700000000000_510,2010
480,39700000000000_512,2010
482,39700000000000_514,2010
497,36738600000000_2310,2010
540,36678800000000_1234,2010
622,36678800000000_2399,2010
670,36750800000000_2809,2010
846,19102000000000_2192,2010
891,19102000000000_945,2010
939,19645500000000_697,2010
994,54721400000000_2412,2010
1043,19102000000000_943,2010
1140,19648100000000_1061,2010
1203,33671200000000_2874,2010
1213,30667500000000_3138,2010
1230,33671200000000_3576,2010
1278,19643000000000_957,2010
1299,33103300000000_1506,2010
1459,30664700000000_1130,2010
1516,33672000000000_2800,2010
1517,30664200000000_2840,2010
1548,19647300000000_149,2010
1634,19647300000000_1444,2010
1819,19648200000000_3503,2010
1839,19647300000000_1512,2010
1902,36678500000000_2585,2010
2114,30665200000000_3292,2010
2201,54718400000000_2153,2010
2355,56739400000000_2439,2010
2496,36678800000000_2601,2010
2504,56724600000000_2935,2010
2591,19648400000000_1486,2010
2723,36678800000000_1349,2010
2787,54722600000000_3623,2010
2790,19650000000000_3705,2010
2791,19651100000000_3720,2010
2907,33751800000000_1642,2010
2968,19648400000000_1592,2010
3155,56737600000000_612,2010
3206,42692000000000_2217,2010
3256,19644900000000_2546,2010
3278,10620260000000_2168,2010
3346,36676400000000_996,2010
3349,36677900000000_2084,2010
3631,15634000000000_2421,2010
3747,19647300000000_483,2010
3841,19647300000000_2854,2010
3892,30736400000000_2711,2010
3926,33751900000000_2381,2010
4048,19648800000000_2567,2010
4131,7620000000000_255,2010
4205,33752000000000_2868,2010
4321,56725200000000_3079,2010
4375,19650900000000_2343,2010
4390,36676800000000_3000,2010
15,15600000000000_15,2011
114,57700000000000_124,2011
130,15100000000000_140,2011
214,43700000000000_229,2011
275,39100000000000_292,2011
545,36677800000000_2149,2011
738,19648100000000_102,2011
812,36678800000000_3194,2011
984,36677800000000_2071,2011
1170,19648100000000_2032,2011
1172,19648100000000_2046,2011
1176,19646300000000_2154,2011
1245,36677100000000_196,2011
1359,30665200000000_2865,2011
1481,36678400000000_1988,2011
1604,19648600000000_810,2011
1825,19647300000000_143,2011
1859,19647300000000_3257,2011
1905,19647300000000_2884,2011
2124,19646300000000_3671,2011
2190,19647700000000_1794,2011
2261,19643800000000_120,2011
2367,33670900000000_2627,2011
2412,19753400000000_3683,2011
2825,54722500000000_2338,2011
2987,56737600000000_3438,2011
3052,19646800000000_3847,2011
3321,36678700000000_1629,2011
3435,19645800000000_3107,2011
3487,19647300000000_1625,2011
3656,33672200000000_3826,2011
3731,36678500000000_3670,2011
4060,54719900000000_1545,2011
4098,54768400000000_1713,2011
4193,15637700000000_2366,2011
4247,36676500000000_2680,2011
85,10600000000000_94,2012
247,41700000000000_264,2012
472,39700000000000_504,2012
747,19644500000000_1102,2012
780,19645900000000_3864,2012
1287,19651000000000_1208,2012
1339,10623300000000_2212,2012
1364,30666200000000_2944,2012
1523,54722600000000_3187,2012
1557,19647300000000_1727,2012
1735,19648600000000_2737,2012
1752,19648600000000_619,2012
1896,33671600000000_2128,2012
2036,36678800000000_1364,2012
2246,30665500000000_3580,2012
3361,19642500000000_19,2012
3768,56725500000000_1668,2012
3836,15633500000000_2302,2012
4083,19648800000000_2533,2012
4355,56725500000000_556,2012
152,39700000000000_163,2013
550,36678300000000_2712,2013
574,36676100000000_2451,2013
577,36675900000000_3387,2013
612,19734400000000_1922,2013
652,36677800000000_1503,2013
750,19646300000000_1162,2013
972,19647700000000_1721,2013
1067,19649300000000_2105,2013
1087,19647900000000_3113,2013
1225,33751800000000_3425,2013
1332,33671200000000_2067,2013
1473,19643000000000_1665,2013
1563,19734500000000_2464,2013
1597,14632500000000_2325,2013
1739,36678500000000_2928,2013
1860,19650600000000_3461,2013
2484,56724500000000_2269,2013
2493,56726000000000_2523,2013
2503,36678400000000_2913,2013
2627,19644400000000_2348,2013
2656,30103100000000_3076,2013
2673,36750700000000_3551,2013
2710,36678800000000_830,2013
2718,36678800000000_1186,2013
2726,30736500000000_1466,2013
2869,54722300000000_3801,2013
2904,30665100000000_1584,2013
2961,36678800000000_1105,2013
3025,31668500000000_2355,2013
3113,19642600000000_1032,2013
3255,56725200000000_1978,2013
3273,19757100000000_1871,2013
3311,15636300000000_2793,2013
3376,19647300000000_1098,2013
4015,10620300000000_230,2013
4089,19648800000000_3201,2013
4200,19753100000000_2426,2013
4250,19651000000000_2899,2013
650,36677400000000_1361,2014
806,19649800000000_2419,2014
907,11101200000000_2237,2014
957,36678800000000_1216,2014
1216,54722500000000_3207,2014
1354,54755200000000_2662,2014
1531,33671200000000_3334,2014
1544,19643000000000_3687,2014
1575,19644800000000_939,2014
1748,19648600000000_3386,2014
1833,29103000000000_951,2014
2055,30665200000000_1599,2014
2078,30664800000000_2126,2014
2296,19648400000000_1092,2014
2337,30665200000000_1866,2014
2468,15635500000000_1551,2014
2654,56726000000000_3058,2014
2739,54755200000000_2247,2014
2753,54718400000000_2629,2014
2793,33669900000000_1,2014
2890,30666500000000_993,2014
3127,10623300000000_2433,2014
3129,19768700000000_2580,2014
3279,54721300000000_2388,2014
3472,19647300000000_1062,2014
3495,19643500000000_2218,2014
3563,33670300000000_2990,2014
3607,19649100000000_1615,2014
3667,36676800000000_649,2014
3840,19645800000000_2568,2014
4236,19643000000000_963,2014
560,30103100000000_503,2015
573,36677700000000_2397,2015
814,30103100000000_3630,2015
863,36750800000000_3108,2015
889,36739570000000_660,2015
922,19102000000000_147,2015
1006,33672500000000_3097,2015
1053,19734400000000_1365,2015
1060,19648400000000_1773,2015
1252,19642900000000_403,2015
1341,33769400000000_2285,2015
1355,36678800000000_2720,2015
1479,30664800000000_1855,2015
1585,19647300000000_2922,2015
1724,16639600000000_2179,2015
1728,30666700000000_2449,2015
1741,19647300000000_3087,2015
1743,36739600000000_3169,2015
1793,19753100000000_334,2015
1849,30666700000000_2137,2015
2090,33670800000000_2463,2015
2092,19734400000000_2520,2015
2160,19734400000000_543,2015
2176,30665200000000_1103,2015
2413,54722600000000_3684,2015
2478,54722600000000_1968,2015
2481,30666500000000_2072,2015
2913,56726000000000_1814,2015
3389,19647300000000_1218,2015
3460,15634000000000_392,2015
3466,33670300000000_823,2015
3527,30666700000000_1060,2015
3542,19645000000000_1686,2015
3675,19734500000000_1118,2015
3730,36678500000000_3644,2015
3769,19650500000000_1691,2015
3787,19647300000000_2594,2015
3800,33751900000000_3392,2015
4095,19646600000000_1571,2015
4157,30665200000000_3136,2015
4173,30664800000000_3294,2015
4258,56726000000000_2501,2015
4364,19647300000000_968,2015
14,45700000000000_14,2016
200,20700000000000_213,2016
646,19645300000000_913,2016
651,19734400000000_1396,2016
711,15636900000000_2456,2016
734,19648100000000_3817,2016
992,19769900000000_2378,2016
1351,30666000000000_2602,2016
1353,19642900000000_2661,2016
1764,33670300000000_2458,2016
1789,19648600000000_3860,2016
1995,36677100000000_804,2016
2148,19648100000000_203,2016
2151,19643000000000_207,2016
2215,19770200000000_2521,2016
2336,19646900000000_1865,2016
2433,30103100000000_473,2016
2644,30103100000000_2718,2016
2848,19646800000000_3307,2016
3027,56739400000000_2435,2016
3038,19644500000000_2957,2016
3070,19642600000000_1762,2016
3194,54722600000000_2952,2016
3287,54721200000000_3163,2016
3746,19650500000000_357,2016
4311,36678400000000_3249,2016
19,29700000000000_19,2017
131,28700000000000_141,2017
258,10700000000000_275,2017
668,10623800000000_2417,2017
719,30103100000000_3506,2017
1249,19644700000000_336,2017
1334,33671200000000_2080,2017
1374,33672100000000_3139,2017
1423,19646300000000_216,2017
1702,19647300000000_2937,2017
1911,19650600000000_3462,2017
2026,15638300000000_1139,2017
2091,33103300000000_2500,2017
2189,30665200000000_1788,2017
2257,19102000000000_89,2017
2353,19643800000000_2429,2017
2587,19644500000000_1355,2017
2677,33671200000000_3629,2017
3081,19646400000000_3073,2017
3167,15635900000000_1734,2017
3225,19649600000000_3104,2017
3596,30666700000000_1204,2017
3620,30666700000000_2025,2017
3666,19647300000000_379,2017
3706,19647300000000_2296,2017
3838,30665600000000_2395,2017
3850,19648300000000_3567,2017
3858,19647300000000_238,2017
3930,19648300000000_2654,2017
4017,54767900000000_1040,2017
4040,30666700000000_3128,2017
4168,19768700000000_2389,2017
4257,19648400000000_867,2017
4318,19647900000000_1905,2017
156,39700000000000_167,2018
162,28700000000000_173,2018
249,10600000000000_266,2018
366,43700000000000_388,2018
368,44700000000000_391,2018
504,36678300000000_2010,2018
613,36678300000000_2003,2018
615,36678300000000_2007,2018
629,36677800000000_3502,2018
716,30666100000000_2641,2018
802,36678300000000_2005,2018
980,36678300000000_1998,2018
1088,33669900000000_3287,2018
1691,19753100000000_1984,2018
1759,19648600000000_1957,2018
1804,19753100000000_1958,2018
2089,19743300000000_2455,2018
2192,30665200000000_1859,2018
2240,30103100000000_3451,2018
2522,36677400000000_3632,2018
2939,56737600000000_3723,2018
3491,30666700000000_1817,2018
3554,36676800000000_2600,2018
3616,56768300000000_1914,2018
3622,33752000000000_2094,2018
4045,15633900000000_2196,2018
4192,33671200000000_3374,2018
40,27800000000000_41,2019
77,4610000000000_85,2019
186,43700000000000_197,2019
618,19646300000000_2173,2019
1114,19752910000000_676,2019
2209,19647900000000_2274,2019
2747,19647660000000_2497,2019
3496,33752000000000_2404,2019
4021,36676800000000_1134,2019
4319,56725200000000_2438,2019
815,15636900000000_3771,2021
502,56724600000000_1301,2022
1361,19734400000000_2872,2022
2073,19647700000000_1863,2022
2417,30736500000000_47,2022
3024,54722600000000_2087,2022
3080,19642600000000_2938,2022