"","Order","School_ID","NDVI_median","Percent_Water","Percent_Developed","Percent_Forest","Percent_Pasture","Land_Surface_Temp","Year_built","Median_income_BG","Percent_FRPM","Staff","Students_with_Disabilities","Asthma_Rates","COVID_infections","Pollution_Burden","Chronic_Absenteeism","retrofit","ndvi_median_binary","retrofit_and_ndvi","EEM","EE_Retrofit_Type","CDS_Code","char_prem_id","CDSCode"
"1",10,"52700000000000_10",0.18,0,46.37,0,53.63,28.71,1997,44479,84,14.29,1523.5,69.27,60.29,43.68,32.45,1,0,0,"HVAC- Packaged/Split System AC/Heat Pump/VRF","HVAC",5.271506e+13,"742390430","5.271506e+13"
"2",16,"43700000000000_16",0.12,0,98.64,0,1.36,28.48,1975,148385,50.5,10.51,16,46.54,52.82,27.14,14.1,0,0,0,"HVAC- VAV System","HVAC",4.36944e+13,"1074845258","43694356095988"
"3",37,"39700000000000_38",0.14,0,100,0,0,30.77,1921,30978,88.5,13.41,15,98.75,49.49,58.55,41.4,0,0,0,"HVAC- Packaged/Split System AC/Heat Pump/VRF","HVAC",3.96868e+13,"1772718074","39686766042758"
"4",39,"43700000000000_40",0.13,0,100,0,0,29.08,1963,176750,6.5,15.42,161,9.84,52.82,41.31,2.15,0,0,0,"HVAC- VAV System","HVAC",4.36942e+13,"1814433759","43694196046890"
"5",60,"43700000000000_67",0.13,0,100,0,0,27.96,1966,167269,34.5,7.7,241,35.25,52.82,27.26,4.05,0,0,0,"HVAC- VAV System","HVAC",4.36944e+13,"2095608645","43694356047120"
"6",61,"43700000000000_68",0.18,0,84.72,1.13,14.15,26.61,1994,250000,6.5,8.28,85.5,22,52.82,30.02,3.3,0,0,0,"HVAC- VAV System","HVAC",4.36944e+13,"2095616989","43694356111942"
"7",62,"43700000000000_69",0.09,0,100,0,0,29.67,1962,70966,61,12.83,13,57.49,52.82,27.2,13.85,0,0,0,"HVAC- VAV System","HVAC",4.36944e+13,"2095618032","43694356047153"
"8",63,"43700000000000_70",0.1,0,100,0,0,29.42,1965,59635,53,6.69,55,35.96,52.82,39.73,6.05,0,0,0,"HVAC- VAV System","HVAC",4.36944e+13,"2095620118","43694356047161"
"9",64,"43700000000000_72",0.14,0,92.93,0,7.07,27.02,1998,250000,9.5,13.96,241,22.02,52.82,21.72,1.55,0,0,0,"HVAC- VAV System","HVAC",4.36944e+13,"2095624290","43694356115851"
"10",65,"43700000000000_73",0.11,0,100,0,0,28.55,1985,179583,28,12.63,42.5,33.52,52.82,23.13,6.45,0,0,0,"HVAC- VAV System","HVAC",4.36944e+13,"2095625333","43694356105787"
"11",66,"43700000000000_74",0.11,0,99.49,0,0.51,28.82,1967,112014,41,9.13,1894.5,32.48,52.82,31.89,8.1,0,0,0,"HVAC- VAV System","HVAC",4.36944e+13,"2095626376","43694356047146"
"12",67,"43700000000000_75",0.1,0,99.17,0,0.83,28.58,1988,138864,45,7.88,145,46.54,52.82,35.93,17.45,0,0,0,"HVAC- VAV System","HVAC",4.36944e+13,"2095629505","43694356107593"
"13",68,"43700000000000_76",0.11,0,100,0,0,28.84,1969,142957,38.5,9.21,241,41.77,52.82,17.26,8.4,0,0,0,"HVAC- VAV System","HVAC",4.36944e+13,"2095630548","43694356067193"
"14",89,"39700000000000_99",0.24,0,100,0,0,26.29,1952,171534,41.5,8.44,27.5,37.33,49.49,63.06,13.55,0,1,0,"HVAC- Packaged/Split System AC/Heat Pump/VRF","HVAC",3.9685e+13,"2526130329","39685026041834"
"15",118,"43700000000000_128",0.08,0,100,0,0,29.39,1950,57049,59.5,8.86,241,79.07,52.82,38.68,36.45,0,0,0,"HVAC- VAV System","HVAC",4.36967e+13,"3056522306","43696666048599"
"16",120,"43700000000000_130",0.11,0,99.2,0,0.8,28.74,1975,129904,58,14.4,464,32.76,52.82,25.85,16.35,0,0,0,"HVAC- VAV System","HVAC",4.369427e+13,"3251860657","4.369427e+13"
"17",121,"43700000000000_131",0.13,0,99.84,0,0.16,29.07,1962,142162,9,9.93,241,16.56,52.82,21.23,4.65,0,0,0,"HVAC- VAV System","HVAC",4.36942e+13,"3283170106","43694196047005"
"18",122,"43700000000000_132",0.13,0,100,0,0,28.83,1957,236324,33,9.64,241,11.12,52.82,28.54,12.75,0,0,0,"HVAC- VAV System","HVAC",4.36942e+13,"3283171149","43694196046742"
"19",123,"43700000000000_133",0.16,0,100,0,0,27.21,1957,213906,2.5,14.49,85.5,8.54,52.82,33.59,2.5,0,0,0,"HVAC- VAV System","HVAC",4.36942e+13,"3283173235","43694196046981"
"20",124,"43700000000000_134",0.13,0,97.04,0,2.96,29.58,1957,175385,7,15.5,27.5,13.09,52.82,32.31,2.5,0,0,0,"HVAC- VAV System","HVAC",4.36942e+13,"3283180536","43694196047047"
"21",141,"24700000000000_152",0.2,0,81.63,0,18.37,29.14,1953,58750,37.5,30.06,199,80.7,37.03,54.66,9.7,0,0,0,"HVAC Controls- Energy Management System","HVAC",2.46576e+13,"3923164350","24657636025589"
"22",142,"43700000000000_153",0.09,0,100,0,0,29.33,1965,77813,78,11.88,27.5,63.73,52.82,52.87,28.45,0,0,0,"HVAC- VAV System","HVAC",4.36967e+13,"3970495881","43696666048649"
"23",143,"43700000000000_154",0.14,0,100,0,0,28.13,1992,138295,10,14.9,220,29.98,52.82,38.78,18.9,0,0,0,"HVAC- VAV System","HVAC",4.369666e+13,"3970508397","4.369666e+13"
"24",144,"43700000000000_155",0.14,0,100,0,0,27.92,1930,177639,37,9.94,361.5,28.01,52.82,28.94,11.6,0,0,0,"HVAC- VAV System","HVAC",4.36967e+13,"3970520913","43696666048672"
"25",145,"43700000000000_156",0.16,0,100,0,0,27.39,1957,235893,25.5,13.79,161,35.85,52.82,43.97,22.05,0,0,0,"HVAC- VAV System","HVAC",4.36967e+13,"3970522999","43696666048763"
"26",146,"43700000000000_157",0.12,1.68,98.16,0,0.16,28.17,2014,99531,67,23.31,220,30.06,52.82,30.83,18.9,0,0,0,"HVAC- VAV System","HVAC",4.369666e+13,"3970531343","4.369666e+13"
"27",147,"43700000000000_158",0.12,0,100,0,0,28.55,2000,170405,50.5,24.94,199,40.86,52.82,35.55,22.95,0,0,0,"HVAC- VAV System","HVAC",4.36967e+13,"3970545945","43696666048714"
"28",148,"43700000000000_159",0.15,0,100,0,0,27.45,1931,245125,52.5,21.14,85.5,30.76,52.82,41.22,22.3,0,0,0,"HVAC- VAV System","HVAC",4.36967e+13,"3970593923","43696666062111"
"29",149,"43700000000000_160",0.15,0,100,0,0,27.83,1959,250000,8,9.23,161,27.07,52.82,29.85,6.15,0,0,0,"HVAC- VAV System","HVAC",4.36967e+13,"3970600181","43696666048474"
"30",150,"43700000000000_161",0.09,0,100,0,0,29.17,1930,133676,65,10.44,112.5,64.26,52.82,55.88,28.85,0,0,0,"HVAC- VAV System","HVAC",4.36967e+13,"3970611654","43696666048433"
"31",151,"39700000000000_162",0.15,0,100,0,0,29.48,1950,69542,87.5,22.51,164,71.8,49.49,47.26,32.55,0,0,0,"HVAC- Packaged/Split System AC/Heat Pump/VRF","HVAC",3.96868e+13,"4007683985","39686766042535"
"32",152,"39700000000000_163",0.07,0,100,0,0,30.77,2013,31467,88,9.57,125.5,74.6,51.99,49.34,70.1,0,0,0,"HVAC- Packaged/Split System AC/Heat Pump/VRF","HVAC",3.96868e+13,"4043583595","39686763930211"
"33",153,"39700000000000_164",0.12,2.46,97.54,0,0,29.55,2000,35366,88,2,504.5,110.96,53.65,38.35,34,0,0,0,"HVAC- Packaged/Split System AC/Heat Pump/VRF","HVAC",3.968676e+13,"4043584638","3.968676e+13"
"34",154,"39700000000000_165",0.15,0,100,0,0,30.74,1949,53155,82.5,13.45,615,57.92,49.49,42.43,37.25,0,0,0,"HVAC- Packaged/Split System AC/Heat Pump/VRF","HVAC",3.96868e+13,"4043592982","39686766042550"
"35",155,"39700000000000_166",0.15,0,100,0,0,29.49,1991,60114,86.5,9.2,241,81.46,49.49,46.29,40.4,0,0,0,"HVAC- Packaged/Split System AC/Heat Pump/VRF","HVAC",3.96868e+13,"4043596111","39686766042824"
"36",156,"39700000000000_167",0.12,0,100,0,0,30.61,2018,38750,89.5,16.61,27.5,98.75,49.49,58.55,33.7,0,0,0,"HVAC- Packaged/Split System AC/Heat Pump/VRF","HVAC",3.96868e+13,"4043606541","39686766042568"
"37",167,"43700000000000_178",0.12,0,98.57,0,1.43,29.28,1965,249519,7,7.98,161,10.91,52.82,36.75,5,0,0,0,"HVAC- VAV System","HVAC",4.36942e+13,"4326237130","43694196046841"
"38",186,"43700000000000_197",0.12,0,100,0,0,28.86,2019,250000,23,16.01,1894.5,13.01,52.82,27.74,7.45,0,0,0,"HVAC- VAV System","HVAC",4.369468e+13,"5168644017","4.369468e+13"
"39",199,"43700000000000_212",0.12,0,100,0,0,28.89,1963,185795,8.5,15.67,645,13.01,52.82,33.17,6.7,0,0,0,"HVAC- VAV System","HVAC",4.36942e+13,"5487385010","43694196046957"
"40",203,"43700000000000_216",0.11,0,100,0,0,28.66,1959,160779,43.5,12.99,205,29.3,52.82,39.16,12.85,1,0,0,"HVAC- VAV System","HVAC",4.37339e+13,"5741349961","43733876047583"
"41",214,"43700000000000_229",0.11,0,98.38,0,1.62,29.33,2011,93269,44,28.75,13,59.06,52.82,45.85,18,1,0,0,"HVAC- VAV System","HVAC",4.36948e+13,"6293420743","43694840123760"
"42",231,"39700000000000_247",0.25,0,100,0,0,26.61,1954,111250,46,13,1523.5,28.96,49.49,47.93,12.05,0,1,0,"HVAC- Packaged/Split System AC/Heat Pump/VRF","HVAC",3.96858e+13,"6941221009","39685776041974"
"43",251,"43700000000000_268",0.12,0,100,0,0,29.04,2005,237083,6.5,20.92,112.5,9.86,52.82,42.23,3.1,0,0,0,"HVAC- VAV System","HVAC",4.36942e+13,"7177729135","43694190108126"
"44",254,"39700000000000_271",0.12,0,100,0,0,30.48,1950,56078,84.5,19.07,1894.5,102.71,49.49,43.87,39.4,0,0,0,"HVAC- Packaged/Split System AC/Heat Pump/VRF","HVAC",3.96868e+13,"7232467911","39686760111351"
"45",262,"39700000000000_279",0.13,0,100,0,0,30.88,1959,48176,91.5,20.04,241,102.68,49.49,48.53,32.15,0,0,0,"HVAC- Packaged/Split System AC/Heat Pump/VRF","HVAC",3.96868e+13,"7451393203","39686766042519"
"46",263,"24700000000000_280",0.23,5.64,36.12,0,58.24,28.73,1952,44792,78,4.88,32.5,72.17,37.03,51.11,32.15,1,0,0,"HVAC Controls- Energy Management System","HVAC",2.46584e+13,"7542253129","24658396025795"
"47",270,"24700000000000_287",0.22,0,100,0,0,28.52,1929,59464,89.5,15.48,205,126.44,37.03,46.94,15.1,1,0,0,"HVAC Controls- Energy Management System","HVAC",2.46582e+13,"7691478358","24658216025787"
"48",271,"24700000000000_288",0.22,8.78,84.86,2.86,0,28.52,2003,59464,89.5,15.48,1523.5,126.44,19.56,46.94,15.1,1,0,0,"HVAC Controls- Energy Management System","HVAC",2.46582e+13,"7691479401","24658216025787"
"49",272,"24700000000000_289",0.09,0,100,0,0,28.8,1996,133846,89.5,15.48,14.5,32.86,19.56,32.6,15.1,1,0,0,"HVAC Controls- Energy Management System","HVAC",2.46582e+13,"7691480444","24658216025787"
"50",273,"24700000000000_290",0.16,0,99.01,0,0.99,30.52,2005,46813,89.5,15.48,205,75.87,37.03,43.88,15.1,1,0,0,"HVAC Controls- Energy Management System","HVAC",2.46582e+13,"7691483573","24658216025787"
"51",274,"24700000000000_291",0.16,0,70.71,0,29.29,30.52,1963,33309,91,15.48,205,75.87,37.03,43.88,15.1,1,0,0,"HVAC Controls- Energy Management System","HVAC",2.46582e+13,"7691484616","24658216025787"
"52",286,"43700000000000_303",0.15,0,98.57,0,1.43,28.33,2009,211860,9,7.04,241,10.29,52.82,24.46,5.7,0,0,0,"HVAC- VAV System","HVAC",4.36942e+13,"7874292686","43694196067185"
"53",290,"52700000000000_307",0.2,0,17.46,0,82.54,29.14,2006,47886,95,31.5,205,67.11,60.29,29.97,13.4,0,0,0,"HVAC- Packaged/Split System AC/Heat Pump/VRF","HVAC",5.271654e+13,"7909934119","5.271654e+13"
"54",294,"43700000000000_314",0.13,0,96.64,0,3.36,29.14,2001,70125,60.5,8.5,161,39.03,52.82,53.59,22.4,0,0,0,"HVAC- VAV System","HVAC",4.36958e+13,"8002717977","43695836118376"
"55",303,"52700000000000_323",0.2,0,96.09,0,3.91,27.39,1943,65607,77.5,16.71,27.5,83.49,60.29,42.46,43.4,0,0,0,"HVAC- Packaged/Split System AC/Heat Pump/VRF","HVAC",5.27162e+13,"8173254024","52716216053623"
"56",304,"43700000000000_324",0.13,0,99.92,0,0.08,26.82,2004,238472,14,7.89,1894.5,26.77,52.82,14.16,3.9,0,0,0,"HVAC- VAV System","HVAC",4.36944e+13,"8178677571","43694350102616"
"57",308,"43700000000000_328",0.13,0,100,0,0,29.92,1965,234643,21,10.2,85.5,18.38,52.82,38.76,11.5,0,0,0,"HVAC- VAV System","HVAC",4.36942e+13,"8284049313","43694196046965"
"58",327,"16600000000000_347",0.15,0,100,0,0,30.74,1942,53688,71,24.45,1523.5,94.42,29.25,63.75,15.7,1,0,0,"HVAC Controls- Programmable/Smart Thermostats","HVAC",1.663883e+13,"8856030094","1.663883e+13"
"59",328,"16600000000000_348",0.15,9.09,78.25,0,0,30.74,1942,53688,89,10.96,205,46.15,51.99,62.72,15.7,1,0,0,"HVAC Controls- Programmable/Smart Thermostats","HVAC",1.663883e+13,"8856031137","1.663883e+13"
"60",329,"43700000000000_349",0.12,0.97,98.3,0,0.73,29.45,1992,44760,100,72.33,42.5,26.65,52.82,24.99,28.8,0,0,0,"HVAC- VAV System","HVAC",4.36967e+13,"8880147611","43696664330452"
"61",330,"43700000000000_350",0.11,0,100,0,0,29.01,2005,237083,81,12.99,85.5,9.86,52.82,42.23,3.9,0,0,0,"HVAC- VAV System","HVAC",4.369419e+13,"8886784528","4.369419e+13"
"62",333,"43700000000000_354",0.12,0,100,0,0,29.42,1998,250000,7.5,12.28,112.5,10.1,52.82,36.13,3.3,0,0,0,"HVAC- VAV System","HVAC",4.36942e+13,"8950800420","43694196046718"
"63",334,"43700000000000_356",0.15,1.46,93.34,0,5.2,28.61,1977,97171,57,50.95,615,59.06,52.82,36.99,22.25,0,0,0,"HVAC- VAV System","HVAC",4.36948e+13,"8995321671","43694844332839"
"64",336,"43700000000000_358",0.13,0,100,0,0,28.97,1950,250000,7,12.39,161,9.84,52.82,41.31,3,0,0,0,"HVAC- VAV System","HVAC",4.36942e+13,"9020196870","43694196046940"
"65",337,"43700000000000_359",0.14,0,100,0,0,28.89,1955,220216,11.5,26.32,53.5,12.22,52.82,30.41,3.55,0,0,0,"HVAC- VAV System","HVAC",4.36942e+13,"9024056196","43694196046767"
"66",364,"43700000000000_386",0.15,0,89.03,0,10.97,28.98,1955,152500,56.5,14.83,1894.5,36.24,52.82,37.77,23.95,0,0,0,"HVAC- VAV System","HVAC",4.36958e+13,"9335091387","43695836047948"
"67",366,"43700000000000_388",0.1,0,100,0,0,28.93,2018,99844,10,36.37,164,58.38,52.82,30.17,10.8,0,0,0,"HVAC- VAV System","HVAC",4.36943e+13,"9345638428","43694270107151"
"68",383,"52700000000000_407",0.21,0,100,0,0,27.11,1955,43315,77.5,23.7,241,83.49,60.29,42.46,44.65,0,0,0,"HVAC- Packaged/Split System AC/Heat Pump/VRF","HVAC",5.27162e+13,"9439395723","52716216053631"
"69",384,"52700000000000_408",0.14,0,68.07,0,31.93,29.73,1987,35737,81.5,23.11,1894.5,83.49,60.29,42.46,35.75,0,0,0,"HVAC- Packaged/Split System AC/Heat Pump/VRF","HVAC",5.27162e+13,"9439401981","52716216106686"
"70",472,"39700000000000_504",0.13,0,100,0,0,29.2,2012,25685,61.5,6.41,653.5,94.42,27.08,44.35,39.9,0,0,0,"HVAC- Packaged/Split System AC/Heat Pump/VRF","HVAC",3.96868e+13,"9825317316","39686760119743"
"71",474,"39700000000000_506",0.24,0,100,0,0,27.46,1952,55833,65.5,10.58,13,41.08,49.49,38.64,11.85,0,1,0,"HVAC- Packaged/Split System AC/Heat Pump/VRF","HVAC",3.96858e+13,"9907440347","39685776041966"
"72",475,"39700000000000_507",0.19,0,100,0,0,29.01,1929,120689,70,8.29,20747,36.55,49.49,66.82,18.2,0,0,0,"HVAC- Packaged/Split System AC/Heat Pump/VRF","HVAC",3.96849e+13,"9908569290","39684866041750"
"73",476,"39700000000000_508",0.25,0,100,0,0,26.96,1952,75750,54.5,9.69,125.5,50.58,49.49,54.71,8.2,0,1,0,"HVAC- Packaged/Split System AC/Heat Pump/VRF","HVAC",3.96858e+13,"9915166264","39685776042006"
"74",479,"39700000000000_511",0.14,0,100,0,0,30.36,1957,73953,41,17.13,271.5,38.23,49.49,57.4,5.75,0,0,0,"HVAC- Packaged/Split System AC/Heat Pump/VRF","HVAC",3.96865e+13,"9960173744","39686506042477"
"75",480,"39700000000000_512",0.26,0,100,0,0,25.48,2010,137969,28,15.02,271.5,38.23,49.49,57.4,9.15,0,1,0,"HVAC- Packaged/Split System AC/Heat Pump/VRF","HVAC",3.96865e+13,"9960187303","39686506109284"
"76",482,"39700000000000_514",0.17,0,98.9,0,1.1,29.92,2010,98333,66,10.95,241,36.89,49.49,29.86,2.9,0,0,0,"HVAC- Packaged/Split System AC/Heat Pump/VRF","HVAC",3.96859e+13,"9981030022","39685850122879"
"77",483,"39700000000000_515",0.21,0,99.44,0,0.56,27.39,1965,66416,76.5,16.04,645,40.7,49.49,46.78,29.65,0,0,0,"HVAC- Packaged/Split System AC/Heat Pump/VRF","HVAC",3.96859e+13,"9981032108","39685856042196"
"78",484,"39700000000000_516",0.24,0,99.41,0,0.59,26.61,1959,83932,80,11.71,241,40.7,49.49,46.78,37.9,0,1,0,"HVAC- Packaged/Split System AC/Heat Pump/VRF","HVAC",3.96859e+13,"9981034194","39685856042055"
"79",485,"39700000000000_517",0.15,8.51,87.44,0,4.05,29.1,1934,120781,78,10.11,241,36.88,49.49,34,26.2,0,0,0,"HVAC- Packaged/Split System AC/Heat Pump/VRF","HVAC",3.96859e+13,"9981039409","39685850111419"
"80",486,"39700000000000_518",0.2,0,100,0,0,29.07,1958,54351,75.5,4.94,20747,30.13,49.49,56,32.6,0,0,0,"HVAC- Packaged/Split System AC/Heat Pump/VRF","HVAC",3.96859e+13,"9981043581","39685856042121"
"81",487,"39700000000000_519",0.23,0,100,0,0,28.51,1946,46383,79.5,11.27,112.5,46.19,49.49,50.23,28.8,0,0,0,"HVAC- Packaged/Split System AC/Heat Pump/VRF","HVAC",3.96859e+13,"9981048796","39685856042170"
"82",488,"39700000000000_520",0.14,0,100,0,0,29.33,1991,86489,89,30.63,241,81.55,49.49,35.9,13.85,0,0,0,"HVAC- Packaged/Split System AC/Heat Pump/VRF","HVAC",3.96859e+13,"9981050882","39685850101428"
"83",489,"39700000000000_521",0.14,0,100,0,0,29.58,1991,61797,62.5,8.75,27.5,56.7,49.49,31.06,69.95,0,0,0,"HVAC- Packaged/Split System AC/Heat Pump/VRF","HVAC",3.96859e+13,"9981051925","39685853930278"
"84",490,"39700000000000_522",0.2,0,80.13,0,19.88,28.78,1949,74709,67.5,9.6,16,41.9,49.49,40.13,25.2,0,0,0,"HVAC- Packaged/Split System AC/Heat Pump/VRF","HVAC",3.96859e+13,"9981057140","39685856042188"
"85",491,"39700000000000_523",0.16,0,100,0,0,28.98,1989,85789,80.5,16.55,161,59.29,49.49,41.99,43,0,0,0,"HVAC- Packaged/Split System AC/Heat Pump/VRF","HVAC",3.96859e+13,"9981062355","39685856108807"
"86",492,"39700000000000_524",0.13,0,100,0,0,30.27,1985,54514,87.5,13.36,241,69.78,49.49,36.71,35.85,0,0,0,"HVAC- Packaged/Split System AC/Heat Pump/VRF","HVAC",3.96859e+13,"9981064441","39685856104426"
"87",1554,"36679300000000_1354",0.1,0,87.07,0,12.93,41.83,1991,103958,83,28.25,1523.5,70.58,34.44,38.81,26.45,1,0,0,"HVAC Controls- Energy Management System","HVAC",3.66793e+13,"4506698","36679346059554"
"88",1564,"36679300000000_2688",0.12,0,98.84,0,1.16,43.7,1993,79821,83,21.52,205,99.69,34.44,33.3,50.25,1,0,0,"HVAC Controls- Energy Management System","HVAC",3.66793e+13,"10229638","36679343630670"
"89",1565,"36679300000000_2689",0.12,0,85.14,0,31.55,43.7,1993,79821,83,21.52,205,99.69,34.44,33.3,30.65,1,0,0,"HVAC Controls- Energy Management System","HVAC",3.66793e+13,"10278670","36679343630670"
"90",1571,"19642500000000_3776",0.12,0,33.33,0,66.67,43.35,2003,85625,54,97,14.5,79.73,34.92,21.23,22.15,1,0,0,"HVAC- Packaged/Split System AC/Heat Pump/VRF","HVAC",1.96425e+13,"9584523","19642460100081"
"91",1572,"36679300000000_37",0.13,0,28.86,0,71.14,44.09,2004,31506,83,50.78,205,97.5,34.44,20.54,21.7,1,0,0,"HVAC Controls- Energy Management System","HVAC",3.66793e+13,"10270709","36679340125419"
"92",1573,"19642500000000_98",0.13,0,94.18,0,5.82,41.91,1912,40724,54,74,205,142.59,34.92,40.49,28.25,1,0,0,"HVAC- Packaged/Split System AC/Heat Pump/VRF","HVAC",1.96425e+13,"874670","19642461930213"
"93",1579,"36679300000000_1352",0.13,0,94.43,0.24,5.33,40.97,2009,97353,83,28.25,14.5,70.58,34.44,38.81,26.45,1,0,0,"HVAC Controls- Energy Management System","HVAC",3.66793e+13,"1029423","36679346059554"
"94",1580,"36679300000000_1353",0.13,0,79.51,0.24,2.47,40.97,2017,62083,83,28.25,14.5,70.58,34.44,38.81,26.45,1,0,0,"HVAC Controls- Energy Management System","HVAC",3.66793e+13,"1029424","36679346059554"
"95",1581,"36679300000000_2690",0.13,0,76.05,0,23.95,42.22,1993,56590,83,21.52,205,86.91,34.44,25.42,34.7,1,0,0,"HVAC Controls- Energy Management System","HVAC",3.66793e+13,"10646537","36679343630670"
"96",1584,"19642500000000_2811",0.13,0,8.4,0,91.6,43.99,1996,48688,54,8,32.5,147.68,34.92,49.14,93.45,1,0,0,"HVAC- Packaged/Split System AC/Heat Pump/VRF","HVAC",1.96425e+13,"9759562","19642461995968"
"97",1588,"36679300000000_3234",0.13,0,64.47,0,35.53,41.15,1996,65857,83,65.33,205,86.91,34.44,16.39,22.05,1,0,0,"HVAC Controls- Energy Management System","HVAC",3.66793e+13,"6554702","36679343630787"
"98",1589,"36679300000000_3235",0.13,0,58.33,0,96.49,41.15,1996,41602,83,65.33,205,86.91,34.44,16.39,22.05,1,0,0,"HVAC Controls- Energy Management System","HVAC",3.66793e+13,"6554703","36679343630787"
"99",1591,"36679300000000_493",0.14,0,51.79,0,48.21,42.53,1997,27209,83,17.13,14.5,86.91,34.44,16.39,5.7,1,0,0,"HVAC Controls- Energy Management System","HVAC",3.66793e+13,"10164999","36679346114698"
"100",1597,"14632500000000_2325",0.14,2.59,1.78,0,95.63,31.02,2013,45515,63,13.64,32.5,64.9,29.34,18.98,50.2,1,0,0,"HVAC Controls- Programmable/Smart Thermostats","HVAC",1.46325e+13,"7058142","14632480129072"
"101",1602,"36679300000000_3540",0.14,0,47.9,0,52.1,42.69,2005,33397,83,14.44,14.5,86.91,34.44,16.39,5.4,1,0,0,"HVAC Controls- Energy Management System","HVAC",3.66793e+13,"10019362","36679340110064"
"102",1604,"19648600000000_810",0.15,0.08,69.08,0,30.84,43.2,2011,66750,84,25.04,205,51.51,34.92,35.79,16.6,1,0,0,"HVAC Controls- Energy Management System","HVAC",1.96486e+13,"10464311","19648570124156"
"103",1605,"19648600000000_811",0.15,0,94.18,0,60.71,43.2,2011,57314,84,25.04,1523.5,51.51,34.92,35.79,16.6,1,0,0,"HVAC Controls- Energy Management System","HVAC",1.96486e+13,"10464493","19648570124156"
"104",1626,"36679300000000_3597",0.15,0,99,0,1,40.46,2006,54875,83,50.01,14.5,94.91,34.44,43.08,10.8,1,0,0,"HVAC Controls- Energy Management System","HVAC",3.66793e+13,"2479678","36679343638012"
"105",1628,"19647100000000_92",0.16,0,100,0,0,38.92,2000,60682,92,5.5,205,52.43,34.92,57.37,24.35,1,0,0,"HVAC Controls- Energy Management System","HVAC",1.96471e+13,"10311640","19647091996313"
"106",1633,"36679300000000_1157",0.16,0,85.47,0,14.53,40.16,2008,54875,83,2.5,13,94.91,34.44,43.08,93.8,1,0,0,"HVAC Controls- Energy Management System","HVAC",3.66793e+13,"10253769","36679343630100"
"107",1635,"19647100000000_1688",0.16,0,100,0,0,38.61,2003,84087,92,23.5,13,52.43,34.92,57.37,19.95,1,0,0,"HVAC Controls- Energy Management System","HVAC",1.96471e+13,"9423414","19647090100602"
"108",1641,"19642500000000_1740",0.16,0,57.11,0,42.89,43.9,1960,61000,54,84.5,32.5,92.21,34.92,29.23,31.15,1,0,0,"HVAC- Packaged/Split System AC/Heat Pump/VRF","HVAC",1.96425e+13,"1138870","19642461995406"
"109",1655,"19642500000000_2866",0.16,0,42.23,0,57.77,43.36,2002,46098,54,13,13,63.61,34.92,48.68,67.65,1,0,0,"HVAC- Packaged/Split System AC/Heat Pump/VRF","HVAC",1.96425e+13,"972217","19642461996644"
"110",1656,"19642500000000_2867",0.16,0,93.31,0,6.69,42.4,2002,25759,54,13,205,113.05,34.92,38.37,67.65,1,0,0,"HVAC- Packaged/Split System AC/Heat Pump/VRF","HVAC",1.96425e+13,"9572114","19642461996644"
"111",1671,"36676900000000_3248",0.16,0,98.49,0,1.51,40.48,1893,71559,82,11.5,205,74.39,34.44,53.98,54.35,1,0,0,"HVAC- Packaged/Split System AC/Heat Pump/VRF","HVAC",3.66769e+13,"6780776","36676863636131"
"112",1672,"19648600000000_3846",0.16,0,76.74,0,23.26,41.4,2003,59397,84,39.95,14.5,79.73,34.92,32.07,60.3,1,0,0,"HVAC Controls- Energy Management System","HVAC",1.96486e+13,"9455255","19648570102269"
"113",1673,"19642500000000_99",0.17,0,97.79,0,2.21,41.53,1912,40724,54,74,32.5,142.59,34.92,40.49,28.25,1,0,0,"HVAC- Packaged/Split System AC/Heat Pump/VRF","HVAC",1.96425e+13,"2230061","19642461930213"
"114",1684,"19642500000000_1659",0.17,0,72.66,0,27.34,40.72,1995,58254,54,85.5,205,58.02,34.92,35.88,32.75,1,0,0,"HVAC- Packaged/Split System AC/Heat Pump/VRF","HVAC",1.96425e+13,"5641958","19642461995844"
"115",1689,"19642500000000_1739",0.17,0,48.57,0,51.43,43.78,2002,56726,54,84.5,14.5,92.21,34.92,29.23,31.15,1,0,0,"HVAC- Packaged/Split System AC/Heat Pump/VRF","HVAC",1.96425e+13,"768016","19642461995406"
"116",1691,"19753100000000_1984",0.17,0,38.23,0,61.77,44.17,2018,53844,77,13,1523.5,150.27,34.92,39.37,49.85,1,0,0,"HVAC- Packaged/Split System AC/Heat Pump/VRF","HVAC",1.97531e+13,"478300","19753090137786"
"117",1692,"19753100000000_1985",0.17,0,46.99,0,53.38,44.17,2018,53844,77,13,14.5,150.27,34.92,39.37,93.45,1,0,0,"HVAC- Packaged/Split System AC/Heat Pump/VRF","HVAC",1.97531e+13,"581939","19753090137786"
"118",1693,"19753100000000_1986",0.17,0,85.43,0.1,85.27,44.17,2018,53844,77,13,205,150.27,34.92,39.37,42.85,1,0,0,"HVAC- Packaged/Split System AC/Heat Pump/VRF","HVAC",1.97531e+13,"6804120","19753090137786"
"119",1698,"36679300000000_2390",0.17,0,72.85,0,27.15,40.41,1997,53844,83,7.33,14.5,107.74,34.44,28.87,25.95,1,0,0,"HVAC Controls- Energy Management System","HVAC",3.66793e+13,"10110419","36679346059562"
"120",1699,"36679300000000_2530",0.17,0,64.41,0,35.59,41.59,1997,57727,83,13.08,205,75.48,34.44,15.79,36.65,1,0,0,"HVAC Controls- Energy Management System","HVAC",3.66793e+13,"7036287","36679343630423"
"121",1719,"19647100000000_407",0.18,0,100,0,0,38.92,2004,63977,92,19.25,205,99.35,34.92,43.39,52.85,1,0,0,"HVAC Controls- Energy Management System","HVAC",1.96471e+13,"6569969","19647090107508"
"122",1720,"19647100000000_803",0.18,0,99.88,0,0.12,39.02,2003,82885,92,22.72,32.5,60.4,34.92,45.46,11.85,1,0,0,"HVAC Controls- Energy Management System","HVAC",1.96471e+13,"9928067","19647090100610"
"123",1724,"16639600000000_2179",0.18,0,100,0,0,40.51,2015,46667,85,23.79,13,108.13,42.51,51.98,55.85,1,0,0,"HVAC Controls- Programmable/Smart Thermostats","HVAC",1.66396e+13,"2337539","16639580132860"
"124",1725,"16639600000000_2191",0.18,0,96.26,0,0,40.51,2015,43534,85,17.5,13,108.13,42.51,51.98,88.9,1,0,0,"HVAC Controls- Programmable/Smart Thermostats","HVAC",1.66396e+13,"2977300","16639580132860"
"125",1732,"19648600000000_2639",0.18,0,75.65,0,24.35,41.28,2008,61193,84,15.01,32.5,96.08,34.92,23.44,56.9,1,0,0,"HVAC Controls- Energy Management System","HVAC",1.96486e+13,"5855395","19648570116558"
"126",1733,"36676900000000_2678",0.18,0,72.31,0,27.69,38.72,1990,88875,82,15.52,13,32.25,34.44,53.91,26.8,1,0,0,"HVAC- Packaged/Split System AC/Heat Pump/VRF","HVAC",3.66769e+13,"10199852","36676946109185"
"127",1734,"36676900000000_2679",0.18,0,94.94,0,0.81,38.72,1990,88875,82,15.52,241,32.25,34.44,53.91,26.8,1,0,0,"HVAC- Packaged/Split System AC/Heat Pump/VRF","HVAC",3.66769e+13,"10179914","36676946109185"
"128",1735,"19648600000000_2737",0.18,0,78.93,0,21.07,42.41,2012,48269,84,91.54,32.5,125.16,34.92,27.61,48.35,1,0,0,"HVAC Controls- Energy Management System","HVAC",1.96486e+13,"6792002","19648570125377"
"129",1736,"19648600000000_2738",0.18,0,100,0,0,42.53,2012,82708,84,91.54,205,116.62,34.92,31.94,42.95,1,0,0,"HVAC Controls- Energy Management System","HVAC",1.96486e+13,"10619373","19648570125377"
"130",1748,"19648600000000_3386",0.18,0,86.03,0,13.97,42.47,2014,43000,84,27.24,32.5,125.16,34.92,36.17,28.7,1,0,0,"HVAC Controls- Energy Management System","HVAC",1.96486e+13,"4426795","19648570129973"
"131",1751,"19648600000000_100",0.19,0,85.21,0,14.79,41.15,2006,59397,84,32.3,14.5,79.73,34.92,32.07,32.55,1,0,0,"HVAC Controls- Energy Management System","HVAC",1.96486e+13,"1623974","19648570112714"
"132",1752,"19648600000000_619",0.19,0,92.62,0,7.38,40.86,2012,81786,84,28.11,14.5,51.51,34.92,35.79,17.9,1,0,0,"HVAC Controls- Energy Management System","HVAC",1.96486e+13,"1090373","19648570126268"
"133",1754,"19642500000000_1283",0.19,0,78.41,0,21.59,40.34,1990,54323,54,112,14.5,51.51,34.92,28.64,24.25,1,0,0,"HVAC- Packaged/Split System AC/Heat Pump/VRF","HVAC",1.96425e+13,"2629414","19642461995398"
"134",1759,"19648600000000_1957",0.19,0,87.38,0,12.62,40.27,2018,131667,84,21.28,1523.5,69.75,34.92,32.04,19.5,1,0,0,"HVAC Controls- Energy Management System","HVAC",1.96486e+13,"7068159","19648576108625"
"135",1760,"16639600000000_2146",0.19,0,100,0,0,40.51,2015,95000,85,19.48,14.5,108.13,42.51,51.98,0.95,1,0,0,"HVAC Controls- Programmable/Smart Thermostats","HVAC",1.66396e+13,"1176003","16639580132860"
"136",1762,"16639600000000_2249",0.19,0,100,0,0,40.51,2015,44766,85,2,32.5,108.13,42.51,51.98,38.75,1,0,0,"HVAC Controls- Programmable/Smart Thermostats","HVAC",1.66396e+13,"6735532","16639580132860"
"137",1764,"33670300000000_2458",0.19,0,100,0,0,37.64,2016,66471,74,16.66,241,39.28,31.72,61.51,28.95,1,0,0,"HVAC Controls- Energy Management System","HVAC",3.36703e+13,"2613971","33670333331501"
"138",1765,"36676900000000_2665",0.19,0,94.59,0,5.41,37.78,1990,57608,82,15.52,42,32.25,34.44,53.91,26.8,1,0,0,"HVAC- Packaged/Split System AC/Heat Pump/VRF","HVAC",3.66769e+13,"628641","36676946109185"
"139",1766,"36676900000000_2666",0.19,0,81.29,0,5.56,37.78,1990,57608,82,15.52,23,32.25,34.44,53.91,26.8,1,0,0,"HVAC- Packaged/Split System AC/Heat Pump/VRF","HVAC",3.66769e+13,"1700922","36676946109185"
"140",1767,"36676900000000_2667",0.19,0,98.9,0,0,37.78,1990,57608,82,15.52,23,32.25,34.44,53.91,26.8,1,0,0,"HVAC- Packaged/Split System AC/Heat Pump/VRF","HVAC",3.66769e+13,"2650542","36676946109185"
"141",1768,"36676900000000_2668",0.19,0,98.9,0,0,37.78,1990,57608,82,15.52,1523.5,32.25,34.44,53.91,26.8,1,0,0,"HVAC- Packaged/Split System AC/Heat Pump/VRF","HVAC",3.66769e+13,"6051105","36676946109185"
"142",1769,"36676900000000_2669",0.19,0,98.23,0,2.88,37.78,1990,57608,82,15.52,241,32.25,34.44,53.91,26.8,1,0,0,"HVAC- Packaged/Split System AC/Heat Pump/VRF","HVAC",3.66769e+13,"6306423","36676946109185"
"143",1770,"36676900000000_2670",0.19,0,99.18,0,1.11,37.78,1990,57608,82,15.52,1523.5,32.25,34.44,53.91,26.8,1,0,0,"HVAC- Packaged/Split System AC/Heat Pump/VRF","HVAC",3.66769e+13,"6538369","36676946109185"
"144",1771,"36676900000000_2671",0.19,0,76.55,0,0,37.78,1990,57608,82,15.52,241,32.25,34.44,53.91,26.8,1,0,0,"HVAC- Packaged/Split System AC/Heat Pump/VRF","HVAC",3.66769e+13,"6847731","36676946109185"
"145",1772,"36676900000000_2672",0.19,0,99.37,0,0,37.78,1990,57608,82,15.52,241,32.25,34.44,53.91,26.8,1,0,0,"HVAC- Packaged/Split System AC/Heat Pump/VRF","HVAC",3.66769e+13,"6847733","36676946109185"
"146",1773,"36676900000000_2673",0.19,0,97.56,0,0,37.78,1990,57608,82,15.52,1523.5,32.25,34.44,53.91,26.8,1,0,0,"HVAC- Packaged/Split System AC/Heat Pump/VRF","HVAC",3.66769e+13,"7883520","36676946109185"
"147",1774,"36676900000000_2674",0.19,0,98.9,0,0,37.78,1990,57608,82,15.52,241,32.25,34.44,53.91,26.8,1,0,0,"HVAC- Packaged/Split System AC/Heat Pump/VRF","HVAC",3.66769e+13,"7883521","36676946109185"
"148",1775,"36676900000000_2675",0.19,0,96.25,0,1.05,37.78,1990,57608,82,15.52,1523.5,32.25,34.44,53.91,26.8,1,0,0,"HVAC- Packaged/Split System AC/Heat Pump/VRF","HVAC",3.66769e+13,"8723735","36676946109185"
"149",1776,"36676900000000_2676",0.19,0.24,97.5,0,2.26,38.47,1990,88875,82,15.52,241,32.25,34.44,53.91,26.8,1,0,0,"HVAC- Packaged/Split System AC/Heat Pump/VRF","HVAC",3.66769e+13,"9709811","36676946109185"
"150",1777,"36676900000000_2677",0.19,0,99.12,0,0,38.47,1990,88875,82,15.52,241,32.25,34.44,53.91,26.8,1,0,0,"HVAC- Packaged/Split System AC/Heat Pump/VRF","HVAC",3.66769e+13,"9709812","36676946109185"
"151",1778,"19642500000000_2739",0.19,0,89.59,0,10.41,41.15,1957,54329,54,108,1523.5,125.16,34.92,27.61,33.4,1,0,0,"HVAC- Packaged/Split System AC/Heat Pump/VRF","HVAC",1.96425e+13,"4769205","19642461936624"
"152",1779,"19642500000000_2810",0.19,0,68.63,0,31.37,42.84,1996,50483,54,8,205,116.62,34.92,31.94,93.45,1,0,0,"HVAC- Packaged/Split System AC/Heat Pump/VRF","HVAC",1.96425e+13,"9664295","19642461995968"
"153",1789,"19648600000000_3860",0.19,0,82.06,0,17.94,42.9,2016,54948,84,24.65,205,113.05,34.92,38.37,28.9,1,0,0,"HVAC Controls- Energy Management System","HVAC",1.96486e+13,"1210512","19648576021208"
"154",1793,"19753100000000_334",0.2,0,100,0,0,37.16,2015,53882,77,4.61,1894.5,20.8,22.48,65.43,26.85,1,0,0,"HVAC- Packaged/Split System AC/Heat Pump/VRF","HVAC",1.97531e+13,"1771513","19753090132654"
"155",1795,"19642500000000_642",0.2,0,96.65,0,3.35,41.1,1975,47083,54,23.5,1523.5,142.59,34.92,40.49,72.8,1,0,0,"HVAC- Packaged/Split System AC/Heat Pump/VRF","HVAC",1.96425e+13,"973715","19642461931732"
"156",1799,"19643300000000_1430",0.2,0,100,0,0,37.4,1959,71065,26,9.11,1894.5,35.1,34.92,67.43,15.55,1,0,0,"HVAC- Packaged/Split System AC/Heat Pump/VRF","HVAC",1.96433e+13,"7020353","19643296011837"
"157",1800,"19643300000000_1431",0.2,0,99.3,0,0,37.4,2009,71065,26,9.11,615,35.1,34.92,67.43,15.55,1,0,0,"HVAC- Packaged/Split System AC/Heat Pump/VRF","HVAC",1.96433e+13,"7020354","19643296011837"
"158",1802,"19648600000000_1840",0.2,0,73.07,0,26.93,42.79,1991,82708,84,24.95,1523.5,116.62,34.92,31.94,23,1,0,0,"HVAC Controls- Energy Management System","HVAC",1.96486e+13,"7013088","19648576021158"
"159",1803,"19648600000000_1841",0.2,0,71.65,0,0.56,42.79,2015,82708,84,24.95,205,116.62,34.92,31.94,23,1,0,0,"HVAC Controls- Energy Management System","HVAC",1.96486e+13,"7013089","19648576021158"
"160",1804,"19753100000000_1958",0.2,0,92.02,0,7.98,40.33,2018,62976,77,14.38,32.5,39.25,31.72,38.27,23.15,1,0,0,"HVAC- Packaged/Split System AC/Heat Pump/VRF","HVAC",1.97531e+13,"10464236","19753090137703"
"161",1806,"33670300000000_2516",0.2,0,100,0,0,37.58,2008,66471,74,29.33,241,39.28,31.72,61.51,9.6,1,0,0,"HVAC Controls- Energy Management System","HVAC",3.36703e+13,"7012579","33670333331501"
"162",1831,"19753100000000_333",0.21,0,100,0,0,36.72,2015,67806,77,4.61,36,20.8,22.48,65.43,10.8,1,0,0,"HVAC- Packaged/Split System AC/Heat Pump/VRF","HVAC",1.97531e+13,"824613","19753090132654"
"163",1834,"19643300000000_1418",0.21,0,88,0,12,39.84,1970,97431,26,9.11,278.5,35.1,34.92,67.43,15.55,1,0,0,"HVAC- Packaged/Split System AC/Heat Pump/VRF","HVAC",1.96433e+13,"134005","19643296011837"
"164",1835,"19643300000000_1436",0.21,0,99.13,0,0,37.28,2004,85500,26,9.11,83,35.1,34.92,67.43,15.55,1,0,0,"HVAC- Packaged/Split System AC/Heat Pump/VRF","HVAC",1.96433e+13,"9282405","19643296011837"
"165",1836,"19643300000000_1437",0.21,0.16,99.22,0,0.72,37.35,1959,85500,26,9.11,278.5,35.1,34.92,67.43,15.55,1,0,0,"HVAC- Packaged/Split System AC/Heat Pump/VRF","HVAC",1.96433e+13,"9301662","19643296011837"
"166",1856,"33670300000000_2773",0.21,0.32,96.59,0,3.09,37.49,1968,61758,74,20.99,13,28.42,31.72,52.32,27.5,1,0,0,"HVAC Controls- Energy Management System","HVAC",3.36703e+13,"5959065","33670336031850"
"167",1867,"33752000000000_77",0.22,0,88.48,0,11.52,38.91,2002,67224,40,16.55,205,38.17,31.72,34.46,22.5,1,0,0,"HVAC- Packaged/Split System AC/Heat Pump/VRF","HVAC",3.3752e+13,"10010185","33752006107841"
"168",1872,"14101400000000_711",0.22,0,3.51,0,96.49,37.53,1950,92917,96,7.33,205,44.13,28.52,34.73,89.5,1,0,0,"HVAC Controls- Programmable/Smart Thermostats","HVAC",1.41014e+13,"7037862","1.41014e+13"
"169",1876,"19642500000000_865",0.22,0,79.68,0,20.32,40.78,2005,80273,54,98,14.5,154.47,34.92,21.54,29.4,1,0,0,"HVAC- Packaged/Split System AC/Heat Pump/VRF","HVAC",1.96425e+13,"10286234","19642460108407"
"170",1883,"16639300000000_1229",0.22,0,100,0,0,40.08,1998,53688,85,18.84,205,108.13,42.51,51.98,18.9,1,0,0,"HVAC- Packaged/Split System AC/Heat Pump/VRF","HVAC",1.66393e+13,"9788683","16639251630169"
"171",1884,"16639300000000_1230",0.22,0,100,0,0.88,40.08,1998,25025,85,18.84,32.5,108.13,42.51,51.98,18.9,1,0,0,"HVAC- Packaged/Split System AC/Heat Pump/VRF","HVAC",1.66393e+13,"9788684","16639251630169"
"172",1886,"19643300000000_1421",0.22,0,100,0,0,37.4,1999,85500,26,9.11,164,35.1,34.92,67.43,15.55,1,0,0,"HVAC- Packaged/Split System AC/Heat Pump/VRF","HVAC",1.96433e+13,"1191498","19643296011837"
"173",1887,"19643300000000_1422",0.22,0,100,0,0,37.15,1971,71065,26,9.11,336,35.1,34.92,67.43,15.55,1,0,0,"HVAC- Packaged/Split System AC/Heat Pump/VRF","HVAC",1.96433e+13,"1371564","19643296011837"
"174",1888,"19643300000000_1425",0.22,0,100,0,0,37.22,1955,71065,26,9.11,199,35.1,34.92,67.43,15.55,1,0,0,"HVAC- Packaged/Split System AC/Heat Pump/VRF","HVAC",1.96433e+13,"6656983","19643296011837"
"175",1892,"33670300000000_1789",0.22,0,77.67,0,22.33,37.59,2009,108904,74,18.16,241,28.21,31.72,54.75,23.95,1,0,0,"HVAC Controls- Energy Management System","HVAC",3.36703e+13,"10209662","33670330119321"
"176",1917,"33670300000000_565",0.23,0,100,0,0,37.55,1907,81859,74,16.76,241,39.8,31.72,68.29,8.2,1,0,0,"HVAC Controls- Energy Management System","HVAC",3.36703e+13,"1239654","33670336059034"
"177",1921,"33670300000000_1113",0.23,0,88.13,0,11.87,37.96,1941,66941,74,21.98,1523.5,23.39,31.72,45.34,21.4,1,0,0,"HVAC Controls- Energy Management System","HVAC",3.36703e+13,"6835051","33670336031793"
"178",1922,"33670300000000_1115",0.23,0,99.84,0,2.28,37.96,1993,66941,74,21.98,241,23.39,31.72,45.34,21.4,1,0,0,"HVAC Controls- Energy Management System","HVAC",3.36703e+13,"8851176","33670336031793"
"179",1924,"19643300000000_1428",0.23,0,100,0,0,37.36,2006,71065,26,9.11,42.5,39.16,34.92,53.99,15.55,1,0,0,"HVAC- Packaged/Split System AC/Heat Pump/VRF","HVAC",1.96433e+13,"6681154","19643296011837"
"180",1925,"19643300000000_1429",0.23,1.03,98.98,0,0,37.36,1960,71065,26,9.11,16,39.16,34.92,53.99,15.55,1,0,0,"HVAC- Packaged/Split System AC/Heat Pump/VRF","HVAC",1.96433e+13,"6681155","19643296011837"
"181",1927,"33670300000000_1483",0.23,0,70.85,0,29.15,40.59,2006,112045,74,13.86,42.5,26.77,31.72,49.66,5.6,1,0,0,"HVAC Controls- Energy Management System","HVAC",3.36703e+13,"9963305","33670330110759"
"182",1933,"19647100000000_2155",0.23,0,100,0,0,38.29,2006,68611,92,10.43,32.5,86.03,34.92,41.93,16.8,1,0,0,"HVAC Controls- Energy Management System","HVAC",1.96471e+13,"1508886","19647090112250"
"183",1940,"19642500000000_2863",0.23,0,66.07,0,33.93,40.06,1964,48550,54,97,205,60.67,34.92,27.56,17.4,1,0,0,"HVAC- Packaged/Split System AC/Heat Pump/VRF","HVAC",1.96425e+13,"1455089","19642461937051"
"184",1941,"19642500000000_2864",0.23,0,54.55,0,45.45,39.92,1964,50958,54,97,205,60.67,34.92,27.56,17.4,1,0,0,"HVAC- Packaged/Split System AC/Heat Pump/VRF","HVAC",1.96425e+13,"2799196","19642461937051"
"185",1942,"33670300000000_2973",0.23,0,100,0,0,38.8,2006,66085,74,19.95,14.5,31.81,31.72,39.14,9.95,1,0,0,"HVAC Controls- Energy Management System","HVAC",3.36703e+13,"9873047","33670330110635"
"186",3361,"19642500000000_19",0.24,0,46.04,0,53.96,40.67,2012,73750,54,18.5,14.5,60.67,34.92,27.56,36.45,1,1,1,"HVAC- Packaged/Split System AC/Heat Pump/VRF","HVAC",1.96425e+13,"1455091","19642460126003"
"187",3365,"19643300000000_255",0.24,0,98.96,0,1.04,37.03,1903,87704,26,19.01,98.5,38.09,34.92,50.66,11.95,1,1,1,"HVAC- Packaged/Split System AC/Heat Pump/VRF","HVAC",1.96433e+13,"6684886","19643291931088"
"188",3370,"33670300000000_866",0.24,0,97.68,0,2.32,38.78,2006,48083,74,14.93,267,31.81,31.72,39.14,7.7,1,1,1,"HVAC Controls- Energy Management System","HVAC",3.36703e+13,"9857268","33670330110643"
"189",3371,"33670300000000_910",0.24,0.88,79.6,0,19.51,38.28,2006,123083,74,88.93,241,31.81,31.72,39.14,9.1,1,1,1,"HVAC Controls- Energy Management System","HVAC",3.36703e+13,"9719745","33670330110627"
"190",3372,"33670300000000_911",0.24,0,99.52,0,0,38.28,2006,96215,74,88.93,241,31.81,31.72,39.14,9.1,1,1,1,"HVAC Controls- Energy Management System","HVAC",3.36703e+13,"9873041","33670330110627"
"191",3374,"33751900000000_1064",0.24,0,92.44,0,7.56,39.66,2003,86798,24,17.46,13,39.81,31.72,27.77,18.9,1,1,1,"HVAC- Packaged/Split System AC/Heat Pump/VRF","HVAC",3.37519e+13,"9429945","33751920101097"
"192",3375,"56725500000000_1065",0.24,0,91.92,0,8.08,35.35,2002,67266,25,5.1,645,36.53,26.69,45.39,80.55,1,1,1,"HVAC- Packaged/Split System AC/Heat Pump/VRF","HVAC",5.67255e+13,"7603872","56725465630066"
"193",3377,"19643300000000_1167",0.24,0,98.24,0,1.76,37.86,1949,97431,26,12.04,1894.5,35.1,34.92,67.43,22.3,1,1,1,"HVAC- Packaged/Split System AC/Heat Pump/VRF","HVAC",1.96433e+13,"9396578","19643296011829"
"194",3378,"19643300000000_1168",0.24,0,100,0,0,37.86,1994,97431,26,12.04,161,35.1,34.92,67.43,22.3,1,1,1,"HVAC- Packaged/Split System AC/Heat Pump/VRF","HVAC",1.96433e+13,"9396579","19643296011829"
"195",3379,"19643300000000_1169",0.24,0,100,0,0,37.86,1994,97431,26,12.04,85.5,35.1,34.92,67.43,22.3,1,1,1,"HVAC- Packaged/Split System AC/Heat Pump/VRF","HVAC",1.96433e+13,"9396580","19643296011829"
"196",3380,"19643300000000_1170",0.24,0,100,0,1.43,37.86,1999,97431,26,12.04,112.5,35.1,34.92,67.43,22.3,1,1,1,"HVAC- Packaged/Split System AC/Heat Pump/VRF","HVAC",1.96433e+13,"9396581","19643296011829"
"197",3381,"19643300000000_1171",0.24,0,100,0,0.64,37.86,1960,97431,26,12.04,112.5,35.1,34.92,67.43,22.3,1,1,1,"HVAC- Packaged/Split System AC/Heat Pump/VRF","HVAC",1.96433e+13,"9396582","19643296011829"
"198",3382,"19643300000000_1172",0.24,0,100,0,0,37.86,1993,97431,26,12.04,85.5,35.1,34.92,67.43,22.3,1,1,1,"HVAC- Packaged/Split System AC/Heat Pump/VRF","HVAC",1.96433e+13,"9396584","19643296011829"
"199",3383,"19643300000000_1173",0.24,0,100,0,0,37.86,2013,97431,26,12.04,161,35.1,34.92,67.43,22.3,1,1,1,"HVAC- Packaged/Split System AC/Heat Pump/VRF","HVAC",1.96433e+13,"9396585","19643296011829"
"200",3384,"19643300000000_1174",0.24,0,100,0,0.7,37.86,2010,97431,26,12.04,1894.5,35.1,34.92,67.43,22.3,1,1,1,"HVAC- Packaged/Split System AC/Heat Pump/VRF","HVAC",1.96433e+13,"9396586","19643296011829"
"201",3385,"19643300000000_1175",0.24,0,100,0,0,37.86,1999,97431,26,12.04,161,35.1,34.92,67.43,22.3,1,1,1,"HVAC- Packaged/Split System AC/Heat Pump/VRF","HVAC",1.96433e+13,"9396587","19643296011829"
"202",3386,"19643300000000_1178",0.24,0,100,0,11.1,37.86,1930,97431,26,12.04,645,35.1,34.92,67.43,22.3,1,1,1,"HVAC- Packaged/Split System AC/Heat Pump/VRF","HVAC",1.96433e+13,"10523805","19643296011829"
"203",3392,"33670300000000_1232",0.24,0,96.81,0,3.19,38.7,2004,133906,74,18.93,278.5,28.21,31.72,54.75,16.8,1,1,1,"HVAC Controls- Energy Management System","HVAC",3.36703e+13,"9610314","33670330105809"
"204",3397,"19643300000000_1417",0.24,0,99.7,0,0.3,36.97,1957,85500,26,9.11,645,35.1,34.92,67.43,15.55,1,1,1,"HVAC- Packaged/Split System AC/Heat Pump/VRF","HVAC",1.96433e+13,"128219","19643296011837"
"205",3398,"19643300000000_1419",0.24,0,100,0,0,37.1,1983,85500,26,9.11,112.5,35.1,34.92,67.43,15.55,1,1,1,"HVAC- Packaged/Split System AC/Heat Pump/VRF","HVAC",1.96433e+13,"228532","19643296011837"
"206",3399,"19643300000000_1435",0.24,0,100,0,0,37.16,1955,85500,26,9.11,53.5,35.1,34.92,67.43,15.55,1,1,1,"HVAC- Packaged/Split System AC/Heat Pump/VRF","HVAC",1.96433e+13,"8341628","19643296011837"
"207",3412,"33752000000000_2021",0.24,0,95.68,0,4.32,38.78,2003,123295,40,24.29,241,38.17,31.72,33.93,17.75,1,1,1,"HVAC- Packaged/Split System AC/Heat Pump/VRF","HVAC",3.3752e+13,"9605757","33752000100412"
"208",3413,"33752000000000_2022",0.24,0,100,0,0,38.78,2003,44760,40,24.29,1523.5,38.17,31.72,33.93,17.75,1,1,1,"HVAC- Packaged/Split System AC/Heat Pump/VRF","HVAC",3.3752e+13,"9605758","33752000100412"
"209",3414,"33752000000000_2023",0.24,0,100,0,0,38.78,2003,72917,40,24.29,42,38.17,31.72,33.93,17.75,1,1,1,"HVAC- Packaged/Split System AC/Heat Pump/VRF","HVAC",3.3752e+13,"9841273","33752000100412"
"210",3415,"33752000000000_2024",0.24,0,42.73,0,13.64,38.78,2003,124167,40,24.29,1523.5,38.17,31.72,33.93,17.75,1,1,1,"HVAC- Packaged/Split System AC/Heat Pump/VRF","HVAC",3.3752e+13,"9841274","33752000100412"
"211",3424,"19648300000000_2595",0.24,0,90.34,0.1,9.55,40.91,1964,114500,73,13.36,1894.5,36.13,34.92,49.58,22.75,1,1,1,"HVAC Controls- Energy Management System","HVAC",1.96483e+13,"6757235","19648326020796"
"212",3425,"19648300000000_2596",0.24,0,99.72,0,0,40.91,1893,68125,73,13.36,241,36.13,34.92,49.58,22.75,1,1,1,"HVAC Controls- Energy Management System","HVAC",1.96483e+13,"2260126","19648326020796"
"213",3426,"19648300000000_2597",0.24,0,100,0.24,1.2,40.91,1913,45375,73,13.36,241,36.13,34.92,49.58,22.75,1,1,1,"HVAC Controls- Energy Management System","HVAC",1.96483e+13,"2260127","19648326020796"
"214",3427,"19648300000000_2598",0.24,0,75.64,0,5.34,40.91,2017,80571,73,13.36,1894.5,36.13,34.92,49.58,22.75,1,1,1,"HVAC Controls- Energy Management System","HVAC",1.96483e+13,"6757224","19648326020796"
"215",3428,"56725500000000_2789",0.24,0,92.48,0,7.52,36.47,1956,140795,25,0.88,241,36.53,26.69,40.68,5.75,1,1,1,"HVAC- Packaged/Split System AC/Heat Pump/VRF","HVAC",5.67255e+13,"7026900","56725530139592"
"216",3429,"56725500000000_2792",0.24,0,100,0,22.33,36.47,2004,99669,25,0.88,13,36.53,26.69,40.68,28.7,1,1,1,"HVAC- Packaged/Split System AC/Heat Pump/VRF","HVAC",5.67255e+13,"8648997","56725530139592"
"217",3449,"33752000000000_73",0.25,0,84.29,0,15.71,39.28,2002,70227,40,16.55,1523.5,38.17,31.72,34.46,22.5,1,1,1,"HVAC- Packaged/Split System AC/Heat Pump/VRF","HVAC",3.3752e+13,"9829009","33752006107841"
"218",3450,"33752000000000_74",0.25,0,99.35,0,28.63,39.28,2002,70227,40,16.55,13,38.17,31.72,34.46,22.5,1,1,1,"HVAC- Packaged/Split System AC/Heat Pump/VRF","HVAC",3.3752e+13,"9832347","33752006107841"
"219",3451,"33752000000000_75",0.25,0,100,0,0.08,39.28,2002,70227,40,16.55,23,38.17,31.72,34.46,22.5,1,1,1,"HVAC- Packaged/Split System AC/Heat Pump/VRF","HVAC",3.3752e+13,"9832348","33752006107841"
"220",3452,"33752000000000_76",0.25,0,91.26,0,26.24,39.28,2002,70227,40,16.55,13,38.17,31.72,34.46,22.5,1,1,1,"HVAC- Packaged/Split System AC/Heat Pump/VRF","HVAC",3.3752e+13,"9833657","33752006107841"
"221",3460,"15634000000000_392",0.25,0,100,0,0,39.98,2015,114500,75,9.68,13,49.02,27.08,43.7,26.1,1,1,1,"HVAC- Packaged/Split System AC/Heat Pump/VRF","HVAC",1.5634e+13,"6735175","15634046009351"
"222",3461,"15634000000000_393",0.25,0,100,0,0,39.98,2001,61758,75,9.68,13,49.02,27.08,43.7,19.95,1,1,1,"HVAC- Packaged/Split System AC/Heat Pump/VRF","HVAC",1.5634e+13,"6735177","15634046009351"
"223",3462,"56725500000000_427",0.25,0,95.87,0,4.13,34.55,1966,35568,25,60.2,13,47.15,26.69,37.76,24.45,1,1,1,"HVAC- Packaged/Split System AC/Heat Pump/VRF","HVAC",5.67255e+13,"6421977","56725465631742"
"224",3464,"33670300000000_477",0.25,0,99.52,0,0.48,36.86,1927,123274,74,15.48,13,31.81,31.72,45.33,11.05,1,1,1,"HVAC Controls- Energy Management System","HVAC",3.36703e+13,"9482322","33670330100974"
"225",3466,"33670300000000_823",0.25,0,99.28,0,0.72,38.33,2015,164812,74,23.77,241,31.81,31.72,45.33,8.45,1,1,1,"HVAC Controls- Energy Management System","HVAC",3.36703e+13,"10274656","33670330123828"
"226",3467,"33670300000000_824",0.25,0,74.98,0.08,24.94,34.98,2007,96923,74,19.09,1894.5,25.31,31.72,44.79,12.25,1,1,1,"HVAC Controls- Energy Management System","HVAC",3.36703e+13,"10013332","33670330113647"
"227",3474,"19643300000000_1122",0.25,0.08,97.22,0,2.7,38.3,2008,90972,26,11.28,278.5,35.9,34.92,51.21,14.35,1,1,1,"HVAC- Packaged/Split System AC/Heat Pump/VRF","HVAC",1.96433e+13,"7040619","19643296011811"
"228",3475,"19643300000000_1123",0.25,0,99.19,0,0,38.3,2003,90972,26,11.28,1894.5,35.9,34.92,51.21,14.35,1,1,1,"HVAC- Packaged/Split System AC/Heat Pump/VRF","HVAC",1.96433e+13,"6379198","19643296011811"
"229",3476,"19643300000000_1177",0.25,0,100,0,0,37.7,2003,97431,26,12.04,112.5,35.1,34.92,67.43,22.3,1,1,1,"HVAC- Packaged/Split System AC/Heat Pump/VRF","HVAC",1.96433e+13,"10397479","19643296011829"
"230",3479,"16639300000000_1228",0.25,0,99.37,0,0.63,39.68,1998,64013,85,18.84,42.5,108.13,42.51,54.42,18.9,1,1,1,"HVAC- Packaged/Split System AC/Heat Pump/VRF","HVAC",1.66393e+13,"7034774","16639251630169"
"231",3480,"16639300000000_1231",0.25,0,100,0,1.67,39.68,1998,64013,85,18.84,267,108.13,42.51,54.42,18.9,1,1,1,"HVAC- Packaged/Split System AC/Heat Pump/VRF","HVAC",1.66393e+13,"1297932","16639251630169"
"232",3481,"15634000000000_1248",0.25,0,98.88,0,1.12,39.73,2004,88068,75,11.57,16,49.02,27.08,43.7,24.15,1,1,1,"HVAC- Packaged/Split System AC/Heat Pump/VRF","HVAC",1.5634e+13,"9630021","15634040106575"
"233",3482,"15634000000000_1249",0.25,0,100,0,0,40.1,2004,50057,75,11.57,241,49.02,27.08,43.7,24.15,1,1,1,"HVAC- Packaged/Split System AC/Heat Pump/VRF","HVAC",1.5634e+13,"10501561","15634040106575"
"234",3483,"33670300000000_1303",0.25,0,86.19,0,13.81,38.02,2003,66085,74,24.12,1894.5,34.96,31.72,44.14,23.25,1,1,1,"HVAC Controls- Energy Management System","HVAC",3.36703e+13,"5739973","33670336031819"
"235",3492,"36676900000000_1883",0.25,0,100,0,0,40.11,1955,94327,82,16.05,241,49.37,34.44,43.11,39.4,1,1,1,"HVAC- Packaged/Split System AC/Heat Pump/VRF","HVAC",3.66769e+13,"7043242","36676866035653"
"236",3496,"33752000000000_2404",0.25,0,50.26,0,49.74,42.72,2019,72857,40,40.5,241,33.17,31.72,39.06,28,1,1,1,"HVAC- Packaged/Split System AC/Heat Pump/VRF","HVAC",3.3752e+13,"10217539","33752000139113"
"237",3497,"33752000000000_2405",0.25,0,49.85,0,43.07,42.72,2019,72857,40,15.7,241,33.17,31.72,39.06,49.2,1,1,1,"HVAC- Packaged/Split System AC/Heat Pump/VRF","HVAC",3.3752e+13,"10217543","33752000139113"
"238",3498,"33752000000000_2406",0.25,0,100,0,5.85,42.72,2019,72857,40,13.96,241,33.17,31.72,39.06,26.85,1,1,1,"HVAC- Packaged/Split System AC/Heat Pump/VRF","HVAC",3.3752e+13,"10217544","33752000139113"
"239",3503,"56725500000000_2791",0.25,0,100,0,0,37.2,1954,47199,25,0.88,42,36.53,26.69,40.68,28.8,1,1,1,"HVAC- Packaged/Split System AC/Heat Pump/VRF","HVAC",5.67255e+13,"7496482","56725530139592"
"240",3508,"33670300000000_3034",0.25,0,100,0,0,38.45,2007,164812,74,15.05,38.5,31.81,31.72,45.33,19.15,1,1,1,"HVAC Controls- Energy Management System","HVAC",3.36703e+13,"10041268","33670330113654"
"241",3516,"15634000000000_391",0.26,0,100,0,0,39.66,1965,82292,75,9.68,1894.5,49.02,27.08,47.92,26.8,1,1,1,"HVAC- Packaged/Split System AC/Heat Pump/VRF","HVAC",1.5634e+13,"6298171","15634046009351"
"242",3517,"33670300000000_398",0.26,0,97.29,0,2.71,37.36,1989,149196,74,62.06,91,22.31,31.72,48.97,14.75,1,1,1,"HVAC Controls- Energy Management System","HVAC",3.36703e+13,"10198797","33670333330446"
"243",3518,"33670300000000_400",0.26,0,99.29,0,11.82,37.36,1989,149196,74,62.06,1894.5,22.31,31.72,48.97,14.75,1,1,1,"HVAC Controls- Energy Management System","HVAC",3.36703e+13,"4769039","33670333330446"
"244",3519,"56725500000000_428",0.26,0,90.36,0,9.64,33.98,1966,35568,25,60.2,13,47.15,26.69,37.76,24.45,1,1,1,"HVAC- Packaged/Split System AC/Heat Pump/VRF","HVAC",5.67255e+13,"9477545","56725465631742"
"245",3530,"19643300000000_1176",0.26,0,91.73,0,8.27,37.91,1994,83450,26,12.04,161,35.1,34.92,67.43,22.3,1,1,1,"HVAC- Packaged/Split System AC/Heat Pump/VRF","HVAC",1.96433e+13,"10391762","19643296011829"
"246",3534,"19643300000000_1420",0.26,0,97.67,0,2.33,36.84,1962,85500,26,9.11,53.5,35.1,34.92,67.43,15.55,1,1,1,"HVAC- Packaged/Split System AC/Heat Pump/VRF","HVAC",1.96433e+13,"318942","19643296011837"
"247",3535,"19643300000000_1423",0.26,0,100,0,0,36.84,2009,85500,26,9.11,112.5,35.1,34.92,67.43,15.55,1,1,1,"HVAC- Packaged/Split System AC/Heat Pump/VRF","HVAC",1.96433e+13,"2242217","19643296011837"
"248",3543,"19643300000000_1750",0.26,0,100,0,0,37.61,1936,62059,26,13.73,241,39.19,34.92,53.61,11.25,1,1,1,"HVAC- Packaged/Split System AC/Heat Pump/VRF","HVAC",1.96433e+13,"6677633","19643296071385"
"249",3544,"19643300000000_1751",0.26,0,100,0,0,37.61,1936,62059,26,13.73,336,39.19,34.92,53.61,11.25,1,1,1,"HVAC- Packaged/Split System AC/Heat Pump/VRF","HVAC",1.96433e+13,"6677636","19643296071385"
"250",3547,"36676900000000_1882",0.26,0,97.44,0,2.56,40.11,2004,94327,82,16.05,241,49.37,34.44,43.11,39.4,1,1,1,"HVAC- Packaged/Split System AC/Heat Pump/VRF","HVAC",3.66769e+13,"6780861","36676866035653"
"251",3549,"33752000000000_2104",0.26,0,88.32,0,11.68,39.61,1990,144484,40,60.56,1894.5,39.25,31.72,38.27,45.15,1,1,1,"HVAC- Packaged/Split System AC/Heat Pump/VRF","HVAC",3.3752e+13,"6932684","33752003330529"
"252",3550,"33752000000000_2178",0.26,0,71.24,0,28.76,42.48,2019,72857,40,12.81,241,33.17,31.72,39.06,18.3,1,1,1,"HVAC- Packaged/Split System AC/Heat Pump/VRF","HVAC",3.3752e+13,"2318574","33752000139113"
"253",3555,"33751900000000_2604",0.26,1.03,94.75,0,4.22,37.84,1990,104375,24,20.95,241,27.56,31.72,29.15,19.5,1,1,1,"HVAC- Packaged/Split System AC/Heat Pump/VRF","HVAC",3.37519e+13,"1571582","33751926109417"
"254",3556,"33751900000000_2605",0.26,1.64,69.26,0,29.1,38.16,1990,92500,24,20.95,42.5,27.56,31.72,29.15,19.5,1,1,1,"HVAC- Packaged/Split System AC/Heat Pump/VRF","HVAC",3.37519e+13,"1834055","33751926109417"
"255",3557,"33670300000000_2606",0.26,0,86.43,0,13.57,38.04,1960,137292,74,16.74,38.5,28.42,31.72,52.32,12.85,1,1,1,"HVAC Controls- Energy Management System","HVAC",3.36703e+13,"2685327","33670336031843"
"256",3558,"56725500000000_2790",0.26,0,98.65,0,1.35,36.98,1979,47199,25,0.88,42.5,36.53,26.69,40.68,11.55,1,1,1,"HVAC- Packaged/Split System AC/Heat Pump/VRF","HVAC",5.67255e+13,"7496480","56725530139592"
"257",3561,"19643300000000_2879",0.26,0,98.76,0,1.24,37.72,1982,83450,26,10.07,16,33.63,34.92,49.43,13.25,1,1,1,"HVAC- Packaged/Split System AC/Heat Pump/VRF","HVAC",1.96433e+13,"1040753","19643296011860"
"258",3562,"19643300000000_2880",0.26,0,100,0,1.69,37.72,1992,83450,26,10.07,129,33.63,34.92,49.43,13.25,1,1,1,"HVAC- Packaged/Split System AC/Heat Pump/VRF","HVAC",1.96433e+13,"1040754","19643296011860"
"259",3563,"33670300000000_2990",0.26,1.84,83.79,0,14.38,39.47,2014,120208,74,19.97,241,26.57,31.72,46.49,27.05,1,1,1,"HVAC Controls- Energy Management System","HVAC",3.36703e+13,"5977003","33670336031868"
"260",3568,"33670300000000_3218",0.26,0,81.52,0,18.48,39.45,1991,79000,74,14.26,241,28.81,31.72,51.6,18.9,1,1,1,"HVAC Controls- Energy Management System","HVAC",3.36703e+13,"498904","33670336031876"
"261",3569,"33751900000000_3346",0.26,0.48,97.45,0,2.07,38.71,2005,83438,24,16.21,205,39.72,31.72,18.37,26.2,1,1,1,"HVAC- Packaged/Split System AC/Heat Pump/VRF","HVAC",3.37519e+13,"9552758","33751920108498"
"262",3570,"33751900000000_3558",0.26,11.96,82.26,0,5.78,38.72,1994,93393,24,17.04,205,32.95,31.72,27.29,14.45,1,1,1,"HVAC- Packaged/Split System AC/Heat Pump/VRF","HVAC",3.37519e+13,"4620296","33751926112098"
"263",3589,"33751900000000_434",0.27,0,98.72,0,1.28,39.46,1997,34491,24,71.42,1894.5,33.17,31.72,39.06,16.9,1,1,1,"HVAC- Packaged/Split System AC/Heat Pump/VRF","HVAC",3.37519e+13,"6277955","33751923330743"
"264",3590,"33670300000000_567",0.27,0,100,0,0,37.45,1896,50568,74,63.8,241,39.28,31.72,54.52,17.3,1,1,1,"HVAC Controls- Energy Management System","HVAC",3.36703e+13,"7018074","33670333331600"
"265",3597,"19643300000000_1424",0.27,0,97.92,0,2.08,36.71,1907,85500,26,9.11,83,39.16,34.92,53.99,15.55,1,1,1,"HVAC- Packaged/Split System AC/Heat Pump/VRF","HVAC",1.96433e+13,"6397572","19643296011837"
"266",3598,"19643300000000_1426",0.27,0,100,0,0,37.24,1916,85500,26,9.11,645,35.1,34.92,67.43,15.55,1,1,1,"HVAC- Packaged/Split System AC/Heat Pump/VRF","HVAC",1.96433e+13,"6680634","19643296011837"
"267",3599,"19643300000000_1427",0.27,0,100,0,0,36.71,1999,85500,26,9.11,1894.5,35.1,34.92,67.43,15.55,1,1,1,"HVAC- Packaged/Split System AC/Heat Pump/VRF","HVAC",1.96433e+13,"6680648","19643296011837"
"268",3600,"19643300000000_1433",0.27,0,100,0,0,36.72,1991,85500,26,9.11,27.5,39.16,34.92,53.99,15.55,1,1,1,"HVAC- Packaged/Split System AC/Heat Pump/VRF","HVAC",1.96433e+13,"7060932","19643296011837"
"269",3601,"19643300000000_1434",0.27,0,100,0,0,36.72,1952,85500,26,9.11,1894.5,39.16,34.92,53.99,15.55,1,1,1,"HVAC- Packaged/Split System AC/Heat Pump/VRF","HVAC",1.96433e+13,"7060933","19643296011837"
"270",3602,"33670300000000_1494",0.27,0,98.33,0,1.67,36.58,1972,43289,74,18.96,55,22.31,31.72,48.97,27.45,1,1,1,"HVAC Controls- Energy Management System","HVAC",3.36703e+13,"6842139","33670336084669"
"271",3603,"33670300000000_1495",0.27,12.62,96.51,0,1.54,36.58,1972,43289,74,18.96,241,22.31,31.72,48.97,27.45,1,1,1,"HVAC Controls- Energy Management System","HVAC",3.36703e+13,"6842155","33670336084669"
"272",3604,"33670300000000_1496",0.27,0,100,0,0,36.58,1972,43289,74,18.96,98.5,22.31,31.72,48.97,27.45,1,1,1,"HVAC Controls- Energy Management System","HVAC",3.36703e+13,"9240225","33670336084669"
"273",3606,"19643300000000_1614",0.27,0,99.44,0,0.56,37.08,1897,86411,26,10.14,241,38.09,34.92,50.66,17.2,1,1,1,"HVAC- Packaged/Split System AC/Heat Pump/VRF","HVAC",1.96433e+13,"6684882","19643296011845"
"274",3610,"19643300000000_1749",0.27,0,99.36,0,0.64,37.54,1903,90179,26,13.73,241,39.19,34.92,53.61,11.25,1,1,1,"HVAC- Packaged/Split System AC/Heat Pump/VRF","HVAC",1.96433e+13,"6520808","19643296071385"
"275",3611,"19643300000000_1752",0.27,0,100,0,0,37.54,1951,90179,26,13.73,55,39.19,34.92,53.61,11.25,1,1,1,"HVAC- Packaged/Split System AC/Heat Pump/VRF","HVAC",1.96433e+13,"6677657","19643296071385"
"276",3622,"33752000000000_2094",0.27,0,90.03,0,9.97,40.35,2018,62976,40,16.92,241,39.25,31.72,38.27,23.3,1,1,1,"HVAC- Packaged/Split System AC/Heat Pump/VRF","HVAC",3.3752e+13,"10056142","33752006032346"
"277",3623,"33752000000000_2095",0.27,0,98.44,0,1.56,40.47,2008,62976,40,16.92,336,39.25,31.72,46.92,23.3,1,1,1,"HVAC- Packaged/Split System AC/Heat Pump/VRF","HVAC",3.3752e+13,"10197879","33752006032346"
"278",3624,"33752000000000_2096",0.27,0,100,0,8.64,40.47,2010,62976,40,16.92,241,39.25,31.72,46.92,23.3,1,1,1,"HVAC- Packaged/Split System AC/Heat Pump/VRF","HVAC",3.3752e+13,"10197881","33752006032346"
"279",3625,"33752000000000_2097",0.27,0,97.37,3.86,10.37,40.35,2008,62976,40,16.92,241,39.25,31.72,38.27,23.3,1,1,1,"HVAC- Packaged/Split System AC/Heat Pump/VRF","HVAC",3.3752e+13,"10207542","33752006032346"
"280",3626,"33752000000000_2098",0.27,0,84.63,0,9.49,40.35,2015,62976,40,16.92,13,39.25,31.72,38.27,23.3,1,1,1,"HVAC- Packaged/Split System AC/Heat Pump/VRF","HVAC",3.3752e+13,"10277645","33752006032346"
"281",3627,"33752000000000_2099",0.27,0,39.8,0,70.28,40.35,1997,62976,40,16.92,205,39.25,31.72,38.27,23.3,1,1,1,"HVAC- Packaged/Split System AC/Heat Pump/VRF","HVAC",3.3752e+13,"10277646","33752006032346"
"282",3628,"33752000000000_2100",0.27,0,65.82,0,50.76,40.35,1965,62976,40,16.92,205,39.25,31.72,38.27,23.3,1,1,1,"HVAC- Packaged/Split System AC/Heat Pump/VRF","HVAC",3.3752e+13,"10277647","33752006032346"
"283",3629,"33752000000000_2101",0.27,0,69.08,0,1.9,40.35,1998,62976,40,16.92,42.5,39.25,31.72,38.27,23.3,1,1,1,"HVAC- Packaged/Split System AC/Heat Pump/VRF","HVAC",3.3752e+13,"10400269","33752006032346"
"284",3630,"33752000000000_2102",0.27,0,100,0,0.16,40.35,2010,62976,40,16.92,16,39.25,31.72,38.27,23.3,1,1,1,"HVAC- Packaged/Split System AC/Heat Pump/VRF","HVAC",3.3752e+13,"10400270","33752006032346"
"285",3631,"15634000000000_2421",0.27,0,100,0,0,39.91,2010,96250,75,21.1,241,49.02,27.08,47.92,22.25,1,1,1,"HVAC- Packaged/Split System AC/Heat Pump/VRF","HVAC",1.5634e+13,"10734837","15634040123075"
"286",3633,"33670300000000_2607",0.27,0,76.88,0,23.12,37.89,2003,137292,74,57.66,199,23.58,31.72,59.45,14.2,1,1,1,"HVAC Controls- Energy Management System","HVAC",3.36703e+13,"998994","33670333334232"
"287",3634,"33670300000000_2608",0.27,0,100,0,0,37.89,1944,137292,74,57.66,125.5,23.58,31.72,59.45,14.2,1,1,1,"HVAC Controls- Energy Management System","HVAC",3.36703e+13,"10228388","33670333334232"
"288",3636,"19650900000000_2707",0.27,0,99.12,0,0.88,37.17,2009,63800,80,9.69,241,56.32,34.92,58.3,9.15,1,1,1,"HVAC- Packaged/Split System AC/Heat Pump/VRF","HVAC",1.96509e+13,"6354279","19650946023519"
"289",3637,"56725500000000_2727",0.27,0,96.25,0,3.75,34.49,2001,34375,25,40.57,241,52.55,26.69,45.61,20.8,1,1,1,"HVAC- Packaged/Split System AC/Heat Pump/VRF","HVAC",5.67255e+13,"9293578","56725465630389"
"290",3661,"33670300000000_151",0.28,0,92.25,0,7.75,37.09,2005,118393,74,21.58,241,23.39,31.72,45.34,24.4,1,1,1,"HVAC Controls- Energy Management System","HVAC",3.36703e+13,"766440","33670336059026"
"291",3662,"33751900000000_206",0.28,0,42.43,0,57.57,40.4,1976,154583,24,19.48,16,25.75,31.72,38.18,17.4,1,1,1,"HVAC- Packaged/Split System AC/Heat Pump/VRF","HVAC",3.37519e+13,"9609375","33751920105759"
"292",3670,"33751900000000_954",0.28,3.93,87.82,0,8.25,38.15,2003,98092,24,21.2,13,32.95,31.72,30.62,10.95,1,1,1,"HVAC- Packaged/Split System AC/Heat Pump/VRF","HVAC",3.37519e+13,"9506076","33751920101105"
"293",3672,"33670300000000_1025",0.28,0,98.42,0,1.58,36.24,1996,121875,74,24.38,13,39.28,31.72,30.59,16.7,1,1,1,"HVAC Controls- Energy Management System","HVAC",3.36703e+13,"1778701","33670336107668"
"294",3673,"33670300000000_1026",0.28,0,40.06,0,20.49,36.24,1965,121875,74,24.38,205,39.28,31.72,30.59,16.7,1,1,1,"HVAC Controls- Energy Management System","HVAC",3.36703e+13,"6845839","33670336107668"
"295",3677,"19643300000000_1179",0.28,0.21,99.38,0,0.41,37.84,1976,89306,26,12.04,615,41.89,34.92,53.37,22.3,1,1,1,"HVAC- Packaged/Split System AC/Heat Pump/VRF","HVAC",1.96433e+13,"1352045","19643296011829"
"296",3685,"33670300000000_1681",0.28,0,99.71,0,0.29,36.73,1992,77679,74,20.92,1894.5,33.25,31.72,38.13,63.85,1,1,1,"HVAC Controls- Energy Management System","HVAC",3.36703e+13,"9784359","33670333330586"
"297",3688,"33670300000000_1724",0.28,0,100,0,0,38.05,2006,71337,74,12.1,83,44.72,31.72,56.48,13.2,1,1,1,"HVAC Controls- Energy Management System","HVAC",3.36703e+13,"6851381","33670336031835"
"298",3689,"33670300000000_1725",0.28,0,100,0.65,9.29,38.05,1990,71337,74,12.1,271.5,44.72,31.72,56.48,13.2,1,1,1,"HVAC Controls- Energy Management System","HVAC",3.36703e+13,"8623366","33670336031835"
"299",3710,"16639300000000_2528",0.28,0,100,0,0,39.17,1965,64013,85,11.1,13,107.9,42.51,47.6,23.75,1,1,1,"HVAC- Packaged/Split System AC/Heat Pump/VRF","HVAC",1.66393e+13,"7034772","16639251634302"
"300",3711,"16639300000000_2529",0.28,0,100,0,0,39.05,2000,64013,85,11.63,13,107.9,42.51,47.6,61.8,1,1,1,"HVAC- Packaged/Split System AC/Heat Pump/VRF","HVAC",1.66393e+13,"7034773","16639251634302"
"301",3714,"33670300000000_2609",0.28,0,90.16,0,9.84,38.14,2003,96250,74,19.67,199,28.81,31.72,54.65,18.35,1,1,1,"HVAC Controls- Energy Management System","HVAC",3.36703e+13,"1662053","33670336061766"
"302",3715,"33670300000000_2698",0.28,0,96.83,0,3.17,36.33,2002,121458,74,16.33,267,23.36,31.72,28.22,14.1,1,1,1,"HVAC Controls- Energy Management System","HVAC",3.36703e+13,"9396686","33670336120372"
"303",3717,"19643300000000_2881",0.28,0,99.66,0,0.34,37.33,1951,106950,26,10.07,164,33.36,34.92,56.02,13.25,1,1,1,"HVAC- Packaged/Split System AC/Heat Pump/VRF","HVAC",1.96433e+13,"1704051","19643296011860"
"304",3724,"33670300000000_3131",0.28,0,97.21,0,2.79,36.47,1995,95694,74,69,13,23.36,31.72,28.22,12.15,1,1,1,"HVAC Controls- Energy Management System","HVAC",3.36703e+13,"8530700","33670333330701"
"305",3725,"33670300000000_3133",0.28,0,100,0,0,36.41,1995,127614,74,69,98.5,24.04,31.72,42.61,12.15,1,1,1,"HVAC Controls- Energy Management System","HVAC",3.36703e+13,"8480221","33670333330701"
"306",3738,"56725500000000_38",0.29,0.4,94.91,0,4.69,35.95,1979,87170,25,29.88,1894.5,20.15,26.69,45.57,13.8,1,1,1,"HVAC- Packaged/Split System AC/Heat Pump/VRF","HVAC",5.67255e+13,"1484501","56725465631619"
"307",3739,"33751900000000_45",0.29,0,71.42,0,28.58,39.2,2004,122750,24,19.22,241,27.56,31.72,29.15,18.2,1,1,1,"HVAC- Packaged/Split System AC/Heat Pump/VRF","HVAC",3.37519e+13,"9609377","33751920105742"
"308",3740,"19643300000000_57",0.29,0,97.92,0,2.08,36.74,1974,55750,26,11.15,271.5,33.36,34.92,56.02,21.65,1,1,1,"HVAC- Packaged/Split System AC/Heat Pump/VRF","HVAC",1.96433e+13,"6666473","19643296011787"
"309",3743,"33670300000000_215",0.29,0,99.6,0,0.4,35.24,1958,160444,74,17.95,42.5,39.28,31.72,30.59,12.5,1,1,1,"HVAC Controls- Energy Management System","HVAC",3.36703e+13,"8949295","33670336116404"
"310",3745,"56725500000000_340",0.29,0.48,98.17,0,1.35,36.39,2007,93534,25,13.5,241,36.53,26.69,35.6,20.35,1,1,1,"HVAC- Packaged/Split System AC/Heat Pump/VRF","HVAC",5.67255e+13,"6861747","56725460115105"
"311",3749,"33670300000000_570",0.29,0,99.3,0,0.7,37.17,2006,96563,74,16.95,241,39.28,31.72,38.4,24.75,1,1,1,"HVAC Controls- Energy Management System","HVAC",3.36703e+13,"4744584","33670336031751"
"312",3751,"56725500000000_812",0.29,0,100,0,0,37.02,1964,118824,25,17.24,1894.5,36.53,26.69,45.73,21.4,1,1,1,"HVAC- Packaged/Split System AC/Heat Pump/VRF","HVAC",5.67255e+13,"6829126","56725536055404"
"313",3752,"33670300000000_844",0.29,0,99.84,0,0.16,35.33,2004,148125,74,14.8,38.5,29.45,31.72,29.77,8.35,1,1,1,"HVAC Controls- Energy Management System","HVAC",3.36703e+13,"9536879","33670330105791"
"314",3753,"33670300000000_886",0.29,0,98.49,0,1.51,36.86,2003,78750,74,23.34,615,22.5,31.72,56.28,10.2,1,1,1,"HVAC Controls- Energy Management System","HVAC",3.36703e+13,"6855154","33670330100966"
"315",3759,"33751900000000_1195",0.29,2.47,85.27,0,12.26,38.97,2004,207783,24,60.68,241,32.95,31.72,25.74,18.5,1,1,1,"HVAC- Packaged/Split System AC/Heat Pump/VRF","HVAC",3.37519e+13,"9567179","33751920105734"
"316",3765,"19643300000000_1432",0.29,0,100,0,0,36.67,1922,85500,26,9.11,53.5,35.1,34.92,67.43,15.55,1,1,1,"HVAC- Packaged/Split System AC/Heat Pump/VRF","HVAC",1.96433e+13,"7020385","19643296011837"
"317",3766,"33670300000000_1460",0.29,0,98.77,0,1.23,36.99,1992,83182,74,17.71,241,35.75,31.72,47.49,22.1,1,1,1,"HVAC Controls- Energy Management System","HVAC",3.36703e+13,"496394","33670336031827"
"318",3768,"56725500000000_1668",0.29,0,99.31,0,0.69,36.61,2012,71500,25,9.71,42,36.53,26.69,35.6,17.65,1,1,1,"HVAC- Packaged/Split System AC/Heat Pump/VRF","HVAC",5.67255e+13,"7535077","56725536055438"
"319",3771,"19643300000000_1753",0.29,0,87.14,3.32,9.54,37.22,2005,90179,26,13.73,1894.5,39.19,34.92,53.61,11.25,1,1,1,"HVAC- Packaged/Split System AC/Heat Pump/VRF","HVAC",1.96433e+13,"1424420","19643296071385"
"320",3779,"19650900000000_2020",0.29,0,100,0,0,38.14,1952,89808,80,11.6,241,37.91,34.92,54.57,8.5,1,1,1,"HVAC- Packaged/Split System AC/Heat Pump/VRF","HVAC",1.96509e+13,"1388341","19650946023501"
"321",3786,"33670300000000_2575",0.29,0,98.12,0,1.88,36.64,1997,77679,74,18.55,241,24.29,31.72,33.77,44.35,1,1,1,"HVAC Controls- Energy Management System","HVAC",3.36703e+13,"9731706","33670333330131"
"322",3789,"56725500000000_2891",0.29,0,88.62,0,11.38,36.09,2007,115833,25,19.51,16,20.15,26.69,45.57,16.35,1,1,1,"HVAC- Packaged/Split System AC/Heat Pump/VRF","HVAC",5.67255e+13,"6828588","56725530110502"
"323",3792,"33670300000000_3132",0.29,0,99.25,0,0.75,36.16,1995,158090,74,69,55,24.04,31.72,42.61,12.15,1,1,1,"HVAC Controls- Energy Management System","HVAC",3.36703e+13,"9064522","33670333330701"
"324",3800,"33751900000000_3392",0.29,0,85.75,0,14.25,39.66,2015,58947,24,13.73,241,21.03,31.72,34.23,21.15,1,1,1,"HVAC- Packaged/Split System AC/Heat Pump/VRF","HVAC",3.37519e+13,"1018801","33751926108427"
"325",3801,"33751900000000_3396",0.29,0,98.22,0,1.78,38.47,2007,85972,24,17.56,241,32.95,31.72,30.62,15.45,1,1,1,"HVAC- Packaged/Split System AC/Heat Pump/VRF","HVAC",3.37519e+13,"9715785","33751920113696"
"326",3803,"56725500000000_3539",0.29,0,100,0,0,37.11,2002,112443,25,19.52,241,36.53,26.69,30.13,23.85,1,1,1,"HVAC- Packaged/Split System AC/Heat Pump/VRF","HVAC",5.67255e+13,"1135656","56725536120620"
"327",3804,"33670300000000_3594",0.29,0,100,0,0,36.83,1968,112125,74,16,16,33.25,31.72,38.13,27.1,1,1,1,"HVAC Controls- Energy Management System","HVAC",3.36703e+13,"1666770","33670336031884"
"328",3806,"19650900000000_3703",0.29,0,99.67,0,0.33,37.58,1999,93011,80,49.18,241,36.32,34.92,40.66,10.8,1,1,1,"HVAC- Packaged/Split System AC/Heat Pump/VRF","HVAC",1.96509e+13,"7040665","19650941939537"
"329",3807,"19650900000000_3704",0.29,0,99.52,0,0,37.58,1999,93011,80,49.18,241,36.32,34.92,40.66,10.8,1,1,1,"HVAC- Packaged/Split System AC/Heat Pump/VRF","HVAC",1.96509e+13,"10526684","19650941939537"
"330",3809,"19648300000000_3757",0.29,0,99.84,0,0.16,40.55,1924,131125,73,15.09,241,45.2,34.92,42.84,24.05,1,1,1,"HVAC Controls- Energy Management System","HVAC",1.96483e+13,"6755498","19648326020812"
"331",3810,"19648300000000_3758",0.29,0,91.62,0,13.52,40.55,2009,131125,73,15.09,241,45.2,34.92,42.84,24.05,1,1,1,"HVAC Controls- Energy Management System","HVAC",1.96483e+13,"6755499","19648326020812"
"332",3813,"33751900000000_3857",0.29,0,98.39,0,1.61,38.97,2001,151799,24,21.15,278.5,33.17,31.72,39.06,20.7,1,1,1,"HVAC- Packaged/Split System AC/Heat Pump/VRF","HVAC",3.37519e+13,"9322919","33751926118822"
"333",3818,"33670300000000_472",0.3,0,99.05,0,0.95,35.28,1999,119795,74,25.12,241,24.29,31.72,33.77,9.85,1,1,1,"HVAC Controls- Energy Management System","HVAC",3.36703e+13,"5700964","33670336116412"
"334",3820,"33670300000000_566",0.3,0,99.56,0,0.44,37.15,1907,63831,74,16.76,23,35.75,31.72,47.49,8.2,1,1,1,"HVAC Controls- Energy Management System","HVAC",3.36703e+13,"496395","33670336059034"
"335",3821,"33670300000000_568",0.3,0,97.21,0,2.79,35.52,2002,126458,74,18.18,129,43.34,31.72,50.61,16.4,1,1,1,"HVAC Controls- Energy Management System","HVAC",3.36703e+13,"9352431","33670336120364"
"336",3824,"33751900000000_1253",0.3,0,95.53,0,4.47,37.22,1999,207783,24,11.12,241,32.95,31.72,25.74,23.55,1,1,1,"HVAC- Packaged/Split System AC/Heat Pump/VRF","HVAC",3.37519e+13,"8748622","33751926116438"
"337",3828,"33751900000000_1448",0.3,0,81.75,0,18.25,39.91,1999,69201,24,19.28,28,37.94,31.72,30.33,19.65,1,1,1,"HVAC- Packaged/Split System AC/Heat Pump/VRF","HVAC",3.37519e+13,"8839281","33751926116453"
"338",3833,"33670300000000_1696",0.3,0,99.52,0,0.48,36.61,2006,110804,74,26.66,42.5,33.25,31.72,38.13,24.45,1,1,1,"HVAC Controls- Energy Management System","HVAC",3.36703e+13,"6846008","33670336059042"
"339",3837,"16639300000000_2306",0.3,0,100,0,0,39.83,1930,100408,85,19.88,38.5,108.13,42.51,51.98,20.75,1,1,1,"HVAC- Packaged/Split System AC/Heat Pump/VRF","HVAC",1.66393e+13,"7034463","16639251630060"
"340",3843,"56725500000000_2892",0.3,0,93.81,0,6.19,35.1,2007,207783,25,19.51,278.5,36.53,26.69,40.68,16.35,1,1,1,"HVAC- Packaged/Split System AC/Heat Pump/VRF","HVAC",5.67255e+13,"9844090","56725530110502"
"341",3844,"33751900000000_2911",0.3,0,98.84,0,1.16,36.83,1991,76944,24,13.84,220,32.95,31.72,30.62,19.1,1,1,1,"HVAC- Packaged/Split System AC/Heat Pump/VRF","HVAC",3.37519e+13,"6378669","33751926110084"
"342",3845,"19643300000000_3085",0.3,0,92.65,1.1,6.25,36.78,2007,90179,26,14.02,929,39.19,34.92,53.61,14.75,1,1,1,"HVAC- Packaged/Split System AC/Heat Pump/VRF","HVAC",1.96433e+13,"5718245","19643291937739"
"343",3847,"33670300000000_3345",0.3,0,100,0,0,35.55,1995,146786,74,12.9,241,24.04,31.72,42.61,9.9,1,1,1,"HVAC Controls- Energy Management System","HVAC",3.36703e+13,"8638887","33670336112957"
"344",3848,"33751900000000_3457",0.3,0,82.25,0,17.75,37.7,2005,121458,24,19.15,267,32.95,31.72,22.89,21.2,1,1,1,"HVAC- Packaged/Split System AC/Heat Pump/VRF","HVAC",3.37519e+13,"9627872","33751920108506"
"345",3850,"19648300000000_3567",0.3,0,95.85,0,4.15,39.55,2017,111042,73,12.11,1894.5,26.35,34.92,52.67,9.05,1,1,1,"HVAC Controls- Energy Management System","HVAC",1.96483e+13,"1217901","19648326107171"
"346",3851,"33752000000000_3631",0.3,0,45.21,0,54.79,38.91,2003,137885,40,76.67,241,38.17,31.72,37.86,30.3,1,1,1,"HVAC- Packaged/Split System AC/Heat Pump/VRF","HVAC",3.3752e+13,"10110354","33752000100420"
"347",3864,"19648300000000_827",0.31,0,73.93,0,26.07,37.29,2003,91406,73,12.88,241,49.57,34.92,41.24,22.75,1,1,1,"HVAC Controls- Energy Management System","HVAC",1.96483e+13,"9496059","19648320100644"
"348",3873,"33670300000000_1280",0.31,24.01,67.91,0,8.08,38.59,1992,52569,74,20.14,98.5,24.52,31.72,53.81,19.2,1,1,1,"HVAC Controls- Energy Management System","HVAC",3.36703e+13,"1598912","33670336031801"
"349",3878,"56725500000000_1588",0.31,0,96.02,0,3.98,34.86,2002,167941,25,12.91,929,20.15,26.69,45.57,6.5,1,1,1,"HVAC- Packaged/Split System AC/Heat Pump/VRF","HVAC",5.67255e+13,"9404080","56725536120117"
"350",3883,"26736900000000_1833",0.31,0,81.39,0,18.61,29.85,1994,1e+05,47,7.44,13,47.37,28.52,26.26,15.65,1,1,1,"HVAC- Chiller/Boiler Replacement","HVAC",2.67369e+13,"9451017","26736926112502"
"351",3884,"19650900000000_1943",0.31,0,100,0,0,37.7,1987,93011,80,9.07,336,36.32,34.92,40.66,6.95,1,1,1,"HVAC- Packaged/Split System AC/Heat Pump/VRF","HVAC",1.96509e+13,"577209","19650946023485"
"352",3885,"19650900000000_1944",0.31,0,100,0,2.63,37.7,2014,93011,80,9.07,1523.5,36.32,34.92,40.66,6.95,1,1,1,"HVAC- Packaged/Split System AC/Heat Pump/VRF","HVAC",1.96509e+13,"8465536","19650946023485"
"353",3886,"56725500000000_2028",0.31,0,100,0,0,36.67,1956,93534,25,19.33,98.5,36.53,26.69,35.6,12.15,1,1,1,"HVAC- Packaged/Split System AC/Heat Pump/VRF","HVAC",5.67255e+13,"6841258","56725536055461"
"354",3888,"14101400000000_2326",0.31,0,95.38,0,4.62,35.71,1993,58254,96,7.33,205,64.9,29.34,22.07,32.15,1,1,1,"HVAC Controls- Programmable/Smart Thermostats","HVAC",1.41014e+13,"7058286","14101401430115"
"355",3891,"19643300000000_2634",0.31,0,91.54,0,8.46,35.89,1991,85972,26,9.27,42.5,34.88,34.92,37.31,4.7,1,1,1,"HVAC- Packaged/Split System AC/Heat Pump/VRF","HVAC",1.96433e+13,"467412","19643296110035"
"356",3898,"33751900000000_3393",0.31,0,100,0,0,38.66,2005,85246,24,13.73,98.5,37.94,31.72,36.62,21.15,1,1,1,"HVAC- Packaged/Split System AC/Heat Pump/VRF","HVAC",3.37519e+13,"7077771","33751926108427"
"357",3899,"33751900000000_3394",0.31,0,78.87,0,3.29,38.66,1998,85246,24,13.73,125.5,37.94,31.72,36.62,21.15,1,1,1,"HVAC- Packaged/Split System AC/Heat Pump/VRF","HVAC",3.37519e+13,"7077770","33751926108427"
"358",3900,"33751900000000_3395",0.31,0,64.39,0,52.27,38.66,2002,85246,24,13.73,241,37.94,31.72,36.62,21.15,1,1,1,"HVAC- Packaged/Split System AC/Heat Pump/VRF","HVAC",3.37519e+13,"8965451","33751926108427"
"359",3901,"56725500000000_3446",0.31,0,96.7,0,3.3,35.51,1994,128757,25,17.51,42.5,21.72,26.69,33.55,9.55,1,1,1,"HVAC- Packaged/Split System AC/Heat Pump/VRF","HVAC",5.67255e+13,"6857974","56725536112171"
"360",3905,"33751900000000_4",0.32,0,97.53,0,2.47,37.28,1999,116250,24,22.51,13,32.95,31.72,30.7,15.4,1,1,1,"HVAC- Packaged/Split System AC/Heat Pump/VRF","HVAC",3.37519e+13,"8873826","33751926116446"
"361",3909,"33670300000000_415",0.32,0,98.56,0,1.44,36.23,1965,96563,74,18.01,42,39.28,31.72,38.4,14.35,1,1,1,"HVAC Controls- Energy Management System","HVAC",3.36703e+13,"7571665","33670336114151"
"362",3912,"33751900000000_599",0.32,0,18.26,0,81.74,40.85,2005,77865,24,21.29,13,32.21,31.72,35.76,20.65,1,1,1,"HVAC- Packaged/Split System AC/Heat Pump/VRF","HVAC",3.37519e+13,"6953596","33751920108480"
"363",3913,"33751900000000_600",0.32,0,69.95,0,30.05,39.34,2005,113750,24,21.29,241,32.95,31.72,30.7,20.65,1,1,1,"HVAC- Packaged/Split System AC/Heat Pump/VRF","HVAC",3.37519e+13,"9766509","33751920108480"
"364",3914,"19648300000000_826",0.32,1.11,72.7,0,26.19,37.41,2003,73187,73,12.88,1523.5,45.04,34.92,47.93,22.75,1,1,1,"HVAC Controls- Energy Management System","HVAC",1.96483e+13,"9539954","19648320100644"
"365",3919,"16639300000000_1225",0.32,0,100,0,0,38.67,1997,97706,85,3.5,1894.5,108.13,42.51,51.98,73.45,1,1,1,"HVAC- Packaged/Split System AC/Heat Pump/VRF","HVAC",1.66393e+13,"5996994","16639251630151"
"366",3920,"16639300000000_1226",0.32,0,100,0,0,38.67,1956,97706,85,26.6,1523.5,108.13,42.51,51.98,19.8,1,1,1,"HVAC- Packaged/Split System AC/Heat Pump/VRF","HVAC",1.66393e+13,"1799278","16639251634401"
"367",3921,"16639300000000_1227",0.32,0,90.54,1.43,4.85,38.67,2005,97706,85,26.6,241,108.13,42.51,51.98,19.8,1,1,1,"HVAC- Packaged/Split System AC/Heat Pump/VRF","HVAC",1.66393e+13,"7178306","16639251634401"
"368",3922,"19643300000000_1438",0.32,0,97.01,0,2.99,36.11,1994,85500,26,9.11,929,39.16,34.92,53.99,15.55,1,1,1,"HVAC- Packaged/Split System AC/Heat Pump/VRF","HVAC",1.96433e+13,"1675256","19643296011837"
"369",3926,"33751900000000_2381",0.32,6.27,50.55,0,43.17,38.08,2010,85972,24,25.35,241,21.03,31.72,34.23,18.95,1,1,1,"HVAC- Packaged/Split System AC/Heat Pump/VRF","HVAC",3.37519e+13,"9790188","33751920121251"
"370",3927,"33751900000000_2382",0.32,3.27,97.54,0,32.58,38.08,2010,85972,24,32.42,42.5,21.03,31.72,34.23,11.55,1,1,1,"HVAC- Packaged/Split System AC/Heat Pump/VRF","HVAC",3.37519e+13,"9790189","33751920121251"
"371",3928,"33751900000000_2383",0.32,0,97.86,0,2.86,38.08,2010,85972,24,13.52,23,21.03,31.72,34.23,19.6,1,1,1,"HVAC- Packaged/Split System AC/Heat Pump/VRF","HVAC",3.37519e+13,"9790190","33751920121251"
"372",3929,"16639300000000_2437",0.32,0,100,0,0,39.45,1977,18942,85,8.1,241,108.13,42.51,51.98,16.6,1,1,1,"HVAC- Packaged/Split System AC/Heat Pump/VRF","HVAC",1.66393e+13,"1215744","16639251630060"
"373",3930,"19648300000000_2654",0.32,0,98.6,0,1.4,40.08,2017,89620,73,12.5,241,24.89,34.92,41.05,16.2,1,1,1,"HVAC Controls- Energy Management System","HVAC",1.96483e+13,"4757226","19648326066773"
"374",3931,"33670300000000_2851",0.32,0,92.62,0,7.38,33.59,1956,91736,74,19.68,1894.5,25.69,31.72,48.46,14.8,1,1,1,"HVAC Controls- Energy Management System","HVAC",3.36703e+13,"577616","33670336107676"
"375",3932,"33670300000000_2852",0.32,0,100,0,0.82,33.59,2009,91736,74,19.68,1894.5,25.69,31.72,48.46,14.8,1,1,1,"HVAC Controls- Energy Management System","HVAC",3.36703e+13,"5910485","33670336107676"
"376",3934,"33751900000000_3397",0.32,0,99.45,0,0.55,37.16,2005,112344,24,18.28,183,24.24,31.72,34.38,14.6,1,1,1,"HVAC- Packaged/Split System AC/Heat Pump/VRF","HVAC",3.37519e+13,"831714","33751926032825"
"377",3949,"19643300000000_1439",0.33,0,100,0,0,36.14,1961,85500,26,9.11,164,39.16,34.92,53.99,15.55,1,1,1,"HVAC- Packaged/Split System AC/Heat Pump/VRF","HVAC",1.96433e+13,"4502315","19643296011837"
"378",3955,"19648300000000_1931",0.33,0,96.51,0,3.49,39.04,1993,69615,73,10.58,42,29.44,34.92,36.63,7.3,1,1,1,"HVAC Controls- Energy Management System","HVAC",1.96483e+13,"617214","19648326095442"
"379",3956,"19648300000000_1932",0.33,15.71,65.37,0,100,39.04,1978,69615,73,10.58,205,29.44,34.92,36.63,7.3,1,1,1,"HVAC Controls- Energy Management System","HVAC",1.96483e+13,"845676","19648326095442"
"380",3957,"19648300000000_1933",0.33,0,99.68,0,1.59,39.04,1999,69615,73,10.58,241,29.44,34.92,36.63,7.3,1,1,1,"HVAC Controls- Energy Management System","HVAC",1.96483e+13,"1743252","19648326095442"
"381",3958,"19648300000000_1934",0.33,0,100,0,0,40.02,2000,137885,73,10.58,241,29.44,34.92,36.63,7.3,1,1,1,"HVAC Controls- Energy Management System","HVAC",1.96483e+13,"1285278","19648326095442"
"382",3961,"33751900000000_2901",0.33,0,90.61,0,9.39,37.59,1960,123023,24,7.81,199,32.95,31.72,29.83,96.65,1,1,1,"HVAC- Packaged/Split System AC/Heat Pump/VRF","HVAC",3.37519e+13,"10285931","33751923330495"
"383",3962,"33751900000000_2902",0.33,0,94.32,0,5.68,37.45,2014,123023,24,7.81,645,32.95,31.72,29.83,96.65,1,1,1,"HVAC- Packaged/Split System AC/Heat Pump/VRF","HVAC",3.37519e+13,"6939282","33751923330495"
"384",3963,"19648300000000_3296",0.33,0,93.14,0,6.86,38.42,1995,227644,73,10.1,1523.5,21,34.92,23.85,3.3,1,1,1,"HVAC Controls- Energy Management System","HVAC",1.96483e+13,"5981771","19648326113047"
"385",3969,"33751900000000_3556",0.33,3.16,84.29,0,12.55,38.4,1884,58947,24,16.81,241,21.03,31.72,34.23,35.35,1,1,1,"HVAC- Packaged/Split System AC/Heat Pump/VRF","HVAC",3.37519e+13,"645654","33751926096994"
"386",3973,"56725500000000_341",0.34,0,98.33,0,1.67,36.86,2007,142333,25,14.9,1523.5,36.53,26.69,21.99,12.15,1,1,1,"HVAC- Packaged/Split System AC/Heat Pump/VRF","HVAC",5.67255e+13,"362912","56725536055396"
"387",3976,"56725500000000_1663",0.34,0,94.41,0,5.59,35.55,2002,128757,25,19.3,241,21.72,26.69,33.55,9.4,1,1,1,"HVAC- Packaged/Split System AC/Heat Pump/VRF","HVAC",5.67255e+13,"9264016","56725530101378"
"388",3984,"16639300000000_3204",0.34,0,100,0,0,37.34,2009,79022,85,20.75,42.5,107.9,42.51,47.6,13.95,1,1,1,"HVAC- Packaged/Split System AC/Heat Pump/VRF","HVAC",1.66393e+13,"10216973","16639250118919"
"389",3985,"33751900000000_3398",0.34,0.12,76.91,0,22.97,36.6,1969,117963,24,72.33,241,32.95,31.72,29.83,18.3,1,1,1,"HVAC- Packaged/Split System AC/Heat Pump/VRF","HVAC",3.37519e+13,"9998222","33751923330370"
"390",3986,"33751900000000_3399",0.34,0,44.75,0,0,36.6,1997,117963,24,72.33,38.5,32.95,31.72,29.83,18.3,1,1,1,"HVAC- Packaged/Split System AC/Heat Pump/VRF","HVAC",3.37519e+13,"9998223","33751923330370"
"391",3987,"33751900000000_3400",0.34,0,98.08,0,18.74,36.6,1995,117963,24,72.33,16,32.95,31.72,29.83,18.3,1,1,1,"HVAC- Packaged/Split System AC/Heat Pump/VRF","HVAC",3.37519e+13,"9998224","33751923330370"
"392",3988,"33751900000000_3401",0.34,0,92.44,0,17.42,36.6,1995,117963,24,72.33,16,32.95,31.72,29.83,18.3,1,1,1,"HVAC- Packaged/Split System AC/Heat Pump/VRF","HVAC",3.37519e+13,"9998225","33751923330370"
"393",3989,"33751900000000_3402",0.34,0,98.88,0,27.8,36.6,1992,117963,24,72.33,578.5,32.95,31.72,29.83,18.3,1,1,1,"HVAC- Packaged/Split System AC/Heat Pump/VRF","HVAC",3.37519e+13,"9998226","33751923330370"
"394",3990,"33751900000000_3403",0.34,0,100,0,0,36.6,2011,117963,24,72.33,241,32.95,31.72,29.83,18.3,1,1,1,"HVAC- Packaged/Split System AC/Heat Pump/VRF","HVAC",3.37519e+13,"9998235","33751923330370"
"395",3991,"33751900000000_3404",0.34,0,100,0,7.15,36.6,1994,117963,24,72.33,42.5,32.95,31.72,29.83,18.3,1,1,1,"HVAC- Packaged/Split System AC/Heat Pump/VRF","HVAC",3.37519e+13,"10278110","33751923330370"
"396",3992,"33751900000000_3405",0.34,0,66.48,0,1.67,36.6,2012,117963,24,72.33,241,32.95,31.72,29.83,18.3,1,1,1,"HVAC- Packaged/Split System AC/Heat Pump/VRF","HVAC",3.37519e+13,"10278111","33751923330370"
"397",3993,"33751900000000_3406",0.34,0,76.97,0,14.78,36.6,1992,117963,24,72.33,241,32.95,31.72,29.83,18.3,1,1,1,"HVAC- Packaged/Split System AC/Heat Pump/VRF","HVAC",3.37519e+13,"10278112","33751923330370"
"398",3994,"33751900000000_3407",0.34,0,85.93,0.44,5.2,36.6,1972,117963,24,72.33,241,32.95,31.72,29.83,18.3,1,1,1,"HVAC- Packaged/Split System AC/Heat Pump/VRF","HVAC",3.37519e+13,"10278113","33751923330370"
"399",3995,"33751900000000_3408",0.34,0,90.81,0,39.27,36.6,2002,117963,24,72.33,42.5,32.95,31.72,29.83,18.3,1,1,1,"HVAC- Packaged/Split System AC/Heat Pump/VRF","HVAC",3.37519e+13,"10278114","33751923330370"
"400",3996,"33751900000000_3409",0.34,0.48,97,0,9.6,36.6,1970,117963,24,72.33,148.5,32.95,31.72,29.83,18.3,1,1,1,"HVAC- Packaged/Split System AC/Heat Pump/VRF","HVAC",3.37519e+13,"10278115","33751923330370"
"401",3997,"33751900000000_3410",0.34,0,40.62,3.09,48.64,36.6,1959,117963,24,72.33,241,32.95,31.72,29.83,18.3,1,1,1,"HVAC- Packaged/Split System AC/Heat Pump/VRF","HVAC",3.37519e+13,"10278116","33751923330370"
"402",3998,"33751900000000_3411",0.34,0,29.88,0,27.94,36.6,1927,117963,24,72.33,23,32.95,31.72,29.83,18.3,1,1,1,"HVAC- Packaged/Split System AC/Heat Pump/VRF","HVAC",3.37519e+13,"10278532","33751923330370"
"403",3999,"33751900000000_3412",0.34,0,33.28,0,70.65,36.6,2004,117963,24,72.33,241,32.95,31.72,29.83,18.3,1,1,1,"HVAC- Packaged/Split System AC/Heat Pump/VRF","HVAC",3.37519e+13,"10278533","33751923330370"
"404",4000,"33751900000000_3413",0.34,0,99.28,0,1.17,36.6,1934,117963,24,72.33,241,32.95,31.72,29.83,18.3,1,1,1,"HVAC- Packaged/Split System AC/Heat Pump/VRF","HVAC",3.37519e+13,"10278534","33751923330370"
"405",4001,"33751900000000_3414",0.34,0,100,0,64.88,36.6,1993,117963,24,72.33,241,32.95,31.72,29.83,18.3,1,1,1,"HVAC- Packaged/Split System AC/Heat Pump/VRF","HVAC",3.37519e+13,"10278535","33751923330370"
"406",4002,"33751900000000_3415",0.34,0,99.2,0,5.16,36.6,2006,117963,24,72.33,42,32.95,31.72,29.83,18.3,1,1,1,"HVAC- Packaged/Split System AC/Heat Pump/VRF","HVAC",3.37519e+13,"10278538","33751923330370"
"407",4003,"33751900000000_3416",0.34,0,49,0,19.3,36.6,1990,117963,24,72.33,125.5,32.95,31.72,29.83,18.3,1,1,1,"HVAC- Packaged/Split System AC/Heat Pump/VRF","HVAC",3.37519e+13,"10278539","33751923330370"
"408",4004,"33751900000000_3417",0.34,0,49.11,0.48,7.8,36.6,1991,117963,24,72.33,241,32.95,31.72,29.83,18.3,1,1,1,"HVAC- Packaged/Split System AC/Heat Pump/VRF","HVAC",3.37519e+13,"10278540","33751923330370"
"409",4005,"33751900000000_3418",0.34,0,100,0,30.75,36.6,1978,117963,24,72.33,42.5,32.95,31.72,29.83,18.3,1,1,1,"HVAC- Packaged/Split System AC/Heat Pump/VRF","HVAC",3.37519e+13,"10278541","33751923330370"
"410",4006,"33751900000000_3419",0.34,7.27,68.45,0,31.69,36.6,2014,117963,24,72.33,241,32.95,31.72,29.83,18.3,1,1,1,"HVAC- Packaged/Split System AC/Heat Pump/VRF","HVAC",3.37519e+13,"10278542","33751923330370"
"411",4007,"33751900000000_3420",0.34,0,97.12,0,10.64,36.6,1996,117963,24,72.33,1523.5,32.95,31.72,29.83,18.3,1,1,1,"HVAC- Packaged/Split System AC/Heat Pump/VRF","HVAC",3.37519e+13,"10278543","33751923330370"
"412",4008,"33751900000000_3421",0.34,0,100,0,1.9,36.6,1931,117963,24,72.33,241,32.95,31.72,29.83,18.3,1,1,1,"HVAC- Packaged/Split System AC/Heat Pump/VRF","HVAC",3.37519e+13,"10278544","33751923330370"
"413",4009,"33751900000000_3422",0.34,0,55.62,0,29.4,36.6,1989,117963,24,72.33,241,32.95,31.72,29.83,18.3,1,1,1,"HVAC- Packaged/Split System AC/Heat Pump/VRF","HVAC",3.37519e+13,"10278545","33751923330370"
"414",4010,"33751900000000_3423",0.34,7.28,68.74,0,8.15,36.6,2003,117963,24,72.33,241,32.95,31.72,29.83,18.3,1,1,1,"HVAC- Packaged/Split System AC/Heat Pump/VRF","HVAC",3.37519e+13,"10280259","33751923330370"
"415",4011,"33751900000000_3424",0.34,1.98,88.54,0,9.49,37.22,1954,136049,24,72.33,55,24.24,31.72,34.38,18.3,1,1,1,"HVAC- Packaged/Split System AC/Heat Pump/VRF","HVAC",3.37519e+13,"7077810","33751923330370"
"416",4013,"33751900000000_3609",0.34,0,97.13,0,2.87,37.1,1997,136250,24,14.04,278.5,24.24,31.72,34.38,21.85,1,1,1,"HVAC- Packaged/Split System AC/Heat Pump/VRF","HVAC",3.37519e+13,"7186612","33751926114243"
"417",4014,"33670300000000_3833",0.34,0,94.98,0.16,4.86,35.15,2000,58947,74,19.43,13,23.36,31.72,28.22,15.35,1,1,1,"HVAC Controls- Energy Management System","HVAC",3.36703e+13,"9320359","33670336117998"
"418",4016,"33751900000000_598",0.35,0,47.72,0,52.28,38.97,2005,113750,24,21.29,13,30.38,31.72,27.89,20.65,1,1,1,"HVAC- Packaged/Split System AC/Heat Pump/VRF","HVAC",3.37519e+13,"1752988","33751920108480"
"419",4022,"33670300000000_1480",0.35,0,97.46,0,2.54,35.14,1956,60625,74,17.08,42.5,39.28,31.72,29,28.55,1,1,1,"HVAC Controls- Energy Management System","HVAC",3.36703e+13,"2198499","33670336031736"
"420",4023,"16639600000000_1563",0.35,0,91.82,0,8.18,37.16,2009,71375,85,18.26,241,108.13,42.51,57.99,33.4,1,1,1,"HVAC Controls- Programmable/Smart Thermostats","HVAC",1.66396e+13,"7054840","16639586010482"
"421",4026,"26736900000000_1830",0.35,0,59.59,10.66,29.75,29.47,1998,106098,47,9.77,205,47.37,28.52,26.26,9.5,1,1,1,"HVAC- Chiller/Boiler Replacement","HVAC",2.67369e+13,"6555820","26736922630010"
"422",4028,"33751900000000_2210",0.35,0,52.16,8.85,38.99,37.34,2010,85972,24,27.75,83,37.94,31.72,36.62,20.85,1,1,1,"HVAC- Packaged/Split System AC/Heat Pump/VRF","HVAC",3.37519e+13,"5926446","33751920121251"
"423",4029,"33751900000000_2283",0.35,0,100,0,12,37.34,2010,85972,24,26.67,241,37.94,31.72,36.62,4.4,1,1,1,"HVAC- Packaged/Split System AC/Heat Pump/VRF","HVAC",3.37519e+13,"6950690","33751920121251"
"424",4030,"33751900000000_2284",0.35,0,81.6,0,0,37.34,2010,85972,24,73.36,241,37.94,31.72,36.62,7.15,1,1,1,"HVAC- Packaged/Split System AC/Heat Pump/VRF","HVAC",3.37519e+13,"6950691","33751920121251"
"425",4031,"19648300000000_2632",0.35,0,91.53,0,8.47,38.34,2005,227644,73,10.22,28,21,34.92,23.85,6.3,1,1,1,"HVAC Controls- Energy Management System","HVAC",1.96483e+13,"9782909","19648320108027"
"426",4033,"33751900000000_2750",0.35,0,89.63,0,10.37,37.59,1995,136049,24,16.01,183,24.24,31.72,34.38,13.65,1,1,1,"HVAC- Packaged/Split System AC/Heat Pump/VRF","HVAC",3.37519e+13,"9722469","33751926112809"
"427",4034,"33751900000000_2751",0.35,0,87.91,0,12.09,37.28,1995,112344,24,16.01,241,24.24,31.72,34.38,13.65,1,1,1,"HVAC- Packaged/Split System AC/Heat Pump/VRF","HVAC",3.37519e+13,"1752982","33751926112809"
"428",4035,"33751900000000_2752",0.35,0,86.36,0,63.45,37.59,1995,136049,24,16.01,267,24.24,31.72,34.38,13.65,1,1,1,"HVAC- Packaged/Split System AC/Heat Pump/VRF","HVAC",3.37519e+13,"1752984","33751926112809"
"429",4036,"33751900000000_2753",0.35,0,96.79,0,3.21,36.22,1995,123023,24,16.01,221,32.95,31.72,29.83,13.65,1,1,1,"HVAC- Packaged/Split System AC/Heat Pump/VRF","HVAC",3.37519e+13,"5814050","33751926112809"
"430",4037,"33751900000000_2754",0.35,0,99.6,0,13.12,37.59,1995,136049,24,16.01,241,24.24,31.72,34.38,13.65,1,1,1,"HVAC- Packaged/Split System AC/Heat Pump/VRF","HVAC",3.37519e+13,"9707426","33751926112809"
"431",4038,"19648300000000_2812",0.35,0,77.05,0.32,22.63,38.97,2003,144773,73,22.32,241,30.6,34.92,42.65,7.9,1,1,1,"HVAC Controls- Energy Management System","HVAC",1.96483e+13,"9488962","19648320100636"
"432",4041,"33751900000000_3608",0.35,0,67.05,0,32.95,38.27,1997,136250,24,14.04,13,37.89,31.72,29.97,21.85,1,1,1,"HVAC- Packaged/Split System AC/Heat Pump/VRF","HVAC",3.37519e+13,"8946289","33751926114243"
"433",4051,"19648300000000_2784",0.37,0,94.69,0,5.31,38.53,1994,164812,73,11.37,183,45.2,34.92,42.84,15.5,1,1,1,"HVAC Controls- Energy Management System","HVAC",1.96483e+13,"1383554","19648326020804"
"434",4052,"19648300000000_2785",0.37,0,89.49,0,0.35,38.53,1981,145833,73,11.37,38.5,45.2,34.92,42.84,15.5,1,1,1,"HVAC Controls- Energy Management System","HVAC",1.96483e+13,"1383556","19648326020804"
"435",4053,"19648300000000_2786",0.37,0,100,0,0.4,38.53,1965,66612,73,11.37,1894.5,45.2,34.92,42.84,15.5,1,1,1,"HVAC Controls- Energy Management System","HVAC",1.96483e+13,"1383557","19648326020804"
"436",4054,"19648300000000_2787",0.37,0,97.28,0,0,38.53,1965,47813,73,11.37,13,45.2,34.92,42.84,15.5,1,1,1,"HVAC Controls- Energy Management System","HVAC",1.96483e+13,"2927231","19648326020804"
"437",4055,"19648300000000_2788",0.37,0,100,0,0,38.53,1929,103125,73,11.37,241,45.2,34.92,42.84,15.5,1,1,1,"HVAC Controls- Energy Management System","HVAC",1.96483e+13,"7419925","19648326020804"
"438",4063,"26736900000000_1831",0.38,0,51.62,23.25,25.13,29.72,1930,118125,47,9.77,205,47.37,28.52,26.26,9.5,1,1,1,"HVAC- Chiller/Boiler Replacement","HVAC",2.67369e+13,"9366343","26736922630010"
"439",4064,"26736900000000_1832",0.38,0,32.03,19.53,48.44,29.65,1990,122750,47,9.77,205,47.37,28.52,26.26,9.5,1,1,1,"HVAC- Chiller/Boiler Replacement","HVAC",2.67369e+13,"9545442","26736922630010"
"440",4070,"54768400000000_3811",0.38,0,66.84,0,33.16,35.36,1991,48875,100,11.84,241,42.61,28.45,48.2,26.1,1,1,1,"HVAC- Chiller/Boiler Replacement","HVAC",5.47684e+13,"9173233","54768366110290"
"441",4073,"56725500000000_2719",0.39,0,99.72,0,0.28,31.33,2003,85156,25,36.4,27.5,45.35,26.69,40.82,18.65,1,1,1,"HVAC- Packaged/Split System AC/Heat Pump/VRF","HVAC",5.67255e+13,"4759854","56725465634548"
"442",4080,"14101400000000_1476",0.4,15.5,56.47,0,28.04,35.59,1992,50375,96,1.88,205,64.9,29.34,12.98,89.5,1,1,1,"HVAC Controls- Programmable/Smart Thermostats","HVAC",1.41014e+13,"9379314","14101401430073"
"443",4084,"16639300000000_3202",0.4,0,100,0,0,37.22,2009,79022,85,20.75,241,107.9,42.51,47.6,13.95,1,1,1,"HVAC- Packaged/Split System AC/Heat Pump/VRF","HVAC",1.66393e+13,"10200913","16639250118919"
"444",4085,"16639300000000_3203",0.4,0,100,0,0,36.79,2009,79022,85,20.75,13,107.9,42.51,47.6,13.95,1,1,1,"HVAC- Packaged/Split System AC/Heat Pump/VRF","HVAC",1.66393e+13,"10213390","16639250118919"
"445",4087,"56725500000000_3123",0.41,0,90.15,0.16,9.69,34.53,1877,197586,25,10.91,241,21.19,26.69,36.95,5.85,1,1,1,"HVAC- Packaged/Split System AC/Heat Pump/VRF","HVAC",5.67255e+13,"7067621","56725536055990"
"446",4088,"56725500000000_3124",0.41,0,100,0,0,34.53,1992,197586,25,10.91,241,21.19,26.69,36.95,5.85,1,1,1,"HVAC- Packaged/Split System AC/Heat Pump/VRF","HVAC",5.67255e+13,"7067622","56725536055990"
"447",4090,"16639300000000_3205",0.41,0,96.8,16.51,15.13,36.79,2009,79022,85,20.75,13,107.9,42.51,47.6,13.95,1,1,1,"HVAC- Packaged/Split System AC/Heat Pump/VRF","HVAC",1.66393e+13,"10160397","16639250118919"
"448",4097,"33751900000000_3456",0.43,0.43,6.13,1.29,92.15,34.03,2005,155805,24,19.15,205,32.95,31.72,22.89,21.2,1,1,1,"HVAC- Packaged/Split System AC/Heat Pump/VRF","HVAC",3.37519e+13,"9942404","33751920108506"
"449",4098,"54768400000000_1713",0.44,0,100,0,0,34.47,2011,81944,100,17.22,91,42.61,28.45,47.53,24.15,1,1,1,"HVAC- Chiller/Boiler Replacement","HVAC",5.47684e+13,"7034704","54768366054043"
"450",4099,"54768400000000_1714",0.44,0,90.81,13.56,1.23,34.47,2004,81944,100,17.22,42,42.61,28.45,47.53,24.15,1,1,1,"HVAC- Chiller/Boiler Replacement","HVAC",5.47684e+13,"7034705","54768366054043"
"451",4106,"56725500000000_2958",0.45,1.91,70.78,0,27.32,34.16,1931,108417,25,47.82,271.5,44.99,26.69,50.1,20.45,1,1,1,"HVAC- Packaged/Split System AC/Heat Pump/VRF","HVAC",5.67255e+13,"122892","56725465634761"
"452",4107,"56725500000000_2959",0.45,0,6.13,2.38,7.81,34.16,2004,101750,25,47.82,645,44.99,26.69,50.1,20.45,1,1,1,"HVAC- Packaged/Split System AC/Heat Pump/VRF","HVAC",5.67255e+13,"2282299","56725465634761"
"453",4109,"33752000000000_2222",0.46,0,20.27,4.63,75.1,34.22,2019,126827,40,12.46,1894.5,35.71,31.72,49.47,4.7,1,1,1,"HVAC- Packaged/Split System AC/Heat Pump/VRF","HVAC",3.3752e+13,"6468721","33752000139113"
"454",4114,"26736900000000_3195",0.57,0.56,14.92,64.52,20,21.54,1991,97431,47,7.04,13,47.37,28.52,26.26,46.9,1,1,1,"HVAC- Chiller/Boiler Replacement","HVAC",2.67369e+13,"7078763","26736922630036"
"455",4122,"43700000000000_71",0.15,21.37,9.55,0,64.31,27.27,1971,101635,40,7.04,205,36.08,52.82,16.91,35.65,0,0,0,"HVAC- VAV System","HVAC",4.36944e+13,"2095623247","43694356071534"
"456",4124,"39700000000000_97",0.13,0,71.05,1.02,0,28.67,2005,108236,55,13.21,645,41.94,49.49,45.86,23.9,0,0,0,"HVAC- Packaged/Split System AC/Heat Pump/VRF","HVAC",3.96859e+13,"2520292034","39685850108217"
"457",4147,"39700000000000_525",0.15,0,89.61,0,0,28.14,1985,102277,74.5,13.37,27.5,56.7,49.49,34.68,40.85,0,0,0,"HVAC- Packaged/Split System AC/Heat Pump/VRF","HVAC",3.96859e+13,"9981065484","39685856104038"
"458",4200,"19753100000000_2426",0.18,0,99.92,0,0.08,42.16,2013,103167,77,2.75,13,23.95,34.92,44.34,17.85,1,0,0,"HVAC- Packaged/Split System AC/Heat Pump/VRF","HVAC",1.97531e+13,"345314","19753090128603"
"459",4205,"33752000000000_2868",0.22,0,96.31,0,3.69,38.36,2010,105962,40,16.13,205,38.17,31.72,34.46,19.45,1,0,0,"HVAC- Packaged/Split System AC/Heat Pump/VRF","HVAC",3.3752e+13,"9806054","33752006108153"
"460",4206,"33752000000000_2869",0.22,0,64.35,0,7.82,38.36,2014,105962,40,16.13,14.5,38.17,31.72,34.46,19.45,1,0,0,"HVAC- Packaged/Split System AC/Heat Pump/VRF","HVAC",3.3752e+13,"9806055","33752006108153"
"461",4207,"33752000000000_2870",0.22,5.77,64.39,0,14.78,38.36,2015,105962,40,16.13,14.5,38.17,31.72,34.46,19.45,1,0,0,"HVAC- Packaged/Split System AC/Heat Pump/VRF","HVAC",3.3752e+13,"9806057","33752006108153"
"462",4210,"33752000000000_2103",0.23,0,96.96,0,3.04,39.59,2009,105833,40,57.42,241,39.25,31.72,38,32.2,1,0,0,"HVAC- Packaged/Split System AC/Heat Pump/VRF","HVAC",3.3752e+13,"10226382","33752000118794"
"463",4324,"19643300000000_110",0.24,0,98.57,0,1.43,37.05,1960,103839,26,7.32,199,40.67,34.92,62.08,10.8,1,1,1,"HVAC- Packaged/Split System AC/Heat Pump/VRF","HVAC",1.96433e+13,"1271766","19643296011795"
"464",4345,"56725500000000_2450",0.26,0,95.77,0,4.23,35.42,1990,103403,25,4,241,62.54,26.69,39.71,14.5,1,1,1,"HVAC- Packaged/Split System AC/Heat Pump/VRF","HVAC",5.67255e+13,"2250013","56725465634480"
"465",4346,"56725500000000_2524",0.26,0,100,0,0,35.39,1997,103403,25,12.29,267,62.54,26.69,39.71,10.45,1,1,1,"HVAC- Packaged/Split System AC/Heat Pump/VRF","HVAC",5.67255e+13,"7027151","56725465634480"
"466",4347,"56725500000000_2566",0.26,0,100,0,0,35.42,2010,103403,25,28.2,241,62.54,26.69,39.71,7.65,1,1,1,"HVAC- Packaged/Split System AC/Heat Pump/VRF","HVAC",5.67255e+13,"9384569","56725465634480"
"467",4351,"33670300000000_3426",0.26,0,93.08,0,6.92,39.28,2003,100143,74,18.65,241,23.69,31.72,46.76,11.85,1,1,1,"HVAC Controls- Energy Management System","HVAC",3.36703e+13,"9503646","33670330100982"
"468",4354,"19643300000000_256",0.27,0,98.57,0,1.43,37.34,1903,105000,26,19.01,83,39.16,34.92,53.99,11.95,1,1,1,"HVAC- Packaged/Split System AC/Heat Pump/VRF","HVAC",1.96433e+13,"9731786","19643291931088"
"469",4355,"56725500000000_556",0.27,0,98.57,0,1.43,35.36,2012,103403,25,4.63,241,62.54,26.69,39.71,25.55,1,1,1,"HVAC- Packaged/Split System AC/Heat Pump/VRF","HVAC",5.67255e+13,"7557347","56725460125674"
"470",4368,"56725500000000_1783",0.28,0,99.1,0,0.9,37.08,1990,103333,25,11.03,267,36.53,26.69,30.02,4.5,1,1,1,"HVAC- Packaged/Split System AC/Heat Pump/VRF","HVAC",5.67255e+13,"4502353","56725536096838"
"471",4370,"19650900000000_328",0.29,0,100,0,0,37.65,1990,100417,80,9.36,42,57.86,34.92,49.24,16.5,1,1,1,"HVAC- Packaged/Split System AC/Heat Pump/VRF","HVAC",1.96509e+13,"7521171","19650946023410"
"472",4372,"19650900000000_569",0.29,0,100,0,0,37.76,1913,109356,80,18.81,27.5,37.22,34.92,46.58,67.2,1,1,1,"HVAC- Packaged/Split System AC/Heat Pump/VRF","HVAC",1.96509e+13,"2150299","19650941938513"
"473",4375,"19650900000000_2343",0.29,0,99.59,0,0.41,37.73,2010,109356,80,19.51,241,37.22,34.92,46.58,22.8,1,1,1,"HVAC- Packaged/Split System AC/Heat Pump/VRF","HVAC",1.96509e+13,"7490869","19650940120907"
"474",4376,"33670300000000_3777",0.29,0,82.36,0,17.64,36.22,1992,107143,74,14.11,241,25.93,31.72,36.99,19.15,1,1,1,"HVAC Controls- Energy Management System","HVAC",3.36703e+13,"1250278","33670336110589"
"475",4377,"33670300000000_1099",0.3,0,100,0,0,37.3,1959,109519,74,21.47,1894.5,44.72,31.72,46.57,15.75,1,1,1,"HVAC Controls- Energy Management System","HVAC",3.36703e+13,"5981827","33670336031785"
"476",4379,"33751900000000_2782",0.31,0,95.38,0,4.62,37.42,1996,105768,24,16.5,1523.5,32.95,31.72,22.89,23.55,1,1,1,"HVAC- Packaged/Split System AC/Heat Pump/VRF","HVAC",3.37519e+13,"6530696","33751926113641"
"477",4380,"19643300000000_1055",0.32,0,99.53,0,0.47,37.05,1991,104362,26,7.99,42,33.63,34.92,49.43,25.95,1,1,1,"HVAC- Packaged/Split System AC/Heat Pump/VRF","HVAC",1.96433e+13,"7040624","19643296011803"
"478",4381,"19643300000000_1056",0.32,0,88.13,0,0,37.05,2010,104362,26,7.99,27.5,33.63,34.92,49.43,25.95,1,1,1,"HVAC- Packaged/Split System AC/Heat Pump/VRF","HVAC",1.96433e+13,"7040625","19643296011803"
"479",4384,"33751900000000_1856",0.35,0,93.85,0,6.15,37.22,1989,106098,24,24.02,23,37.94,31.72,25.35,19.3,1,1,1,"HVAC- Packaged/Split System AC/Heat Pump/VRF","HVAC",3.37519e+13,"7077798","33751926107254"
"480",4389,"33751900000000_2889",0.36,0,89.36,0,10.64,37.04,1999,105550,24,11.24,28,37.94,31.72,23.79,10.5,1,1,1,"HVAC- Packaged/Split System AC/Heat Pump/VRF","HVAC",3.37519e+13,"1557616","33751926106017"
